time old	time	flow (L/s)	raw (NTU)	sed (NTU)	filter 1 (NTU)	filter 2 (NTU)	filter (NTU)	coag (mg/L)	Cl (mg/L)	Temperature
12/1/2015 13:39	42339.57	17	3.12	0.19	0	0	0	9.54	0.99	17
12/2/2015 6:36	42340.28	16	3.8	0.39	0	0	0	11.75		18
12/2/2015 13:30	42340.56	18	3.2	0.38	0	0	0	10.86	0.9	18
12/3/2015 5:00	42341.21	17	3.11	1.33	0.18	0.13	0.155	9.03	0.81	
12/3/2015 13:10	42341.55	16	3.01	0.29	0	0	0	6.47	0.76	18
12/4/2015 12:40	42342.53	15	2.74	0.42	0	0	0	7.89	0.88	18
12/5/2015 13:05	42343.55	15	14	2.88	0.81	0.93	0.87	13.56	0.9	18
12/5/2015 18:00	42343.75	14	6.09	0.82	0.18	0.25	0.215	11.84	0.9	18
12/6/2015 13:20	42344.56	15	5.9	0.62	0.1	0.19	0.145	11.01	0.36	18
12/7/2015 13:30	42345.56	13	4.44	1.32	0.6	0.55	0.575	9.18	1.1	18
12/8/2015 5:30	42346.23	15	5.89	3.78	0.35	0.27	0.31	10.78	1.1	18
12/8/2015 12:00	42346.50	16	5.76	0.9	0.04	0	0.02	11.77	1.08	18
12/8/2015 18:21	42346.76	15	4.96	2.18	0.91	0.36	0.635	12.11	0.9	18
12/9/2015 5:00	42347.21	14	5.96	0.8	0.23	0	0.115	10.38	0.96	18
12/9/2015 12:00	42347.50	15	4.06	0.55	0	0	0	10.74	0.99	18
12/9/2015 18:10	42347.76	15	3.41	1.15	0.14	0.18	0.16	10.03	0.9	18
12/10/2015 5:18	42348.22	15	3.39	0.51	0	0	0	11.26	0.7	18
12/10/2015 13:00	42348.54	15	3.22	0.99	0.28	0.32	0.3	8.92	1.1	18
12/11/2015 13:30	42349.56	17	3.44	0.45	0	0	0	6.93	1.07	18
12/11/2015 18:00	42349.75	16	2.86	1.16	0.29	0.36	0.325	6.27	0.99	18
12/12/2015 5:15	42350.22	19	3.36	0.6	0	0	0	7.18	0.9	18
12/12/2015 13:00	42350.54	18	3.44	0.77	0.1	0.09	0.095	8.38	0.99	18
12/12/2015 23:20	42350.97	18	3.12	0.46	0	0	0	8.46	0.81	18
12/13/2015 11:30	42351.48	18	2.59	0.56	0	0	0	7.94	1.1	18
12/14/2015 23:00	42352.96	18	3.01	0.73	0.1	0.26	0.18	11.06	0.89	20
12/15/2015 13:00	42353.54	18	2.89	0.69	0	0	0	7.14	1	20
12/15/2015 18:20	42353.76	18	3.14	0.59	0.07	0.05	0.06	6.37	0.88	19
12/16/2015 11:00	42354.46	18	2.9	0.72	0.18	0.15	0.165	6.92	1	19
12/16/2015 18:10	42354.76	18	3.31	1.03	0.37	0.41	0.39	1.19	0.95	19
12/17/2015 5:50	42355.24	18	2.77	0.25	0	0	0	0.22	0.89	18
12/17/2015 13:00	42355.54	18	2.9	0.71	0	0	0	9	1.05	19
12/17/2015 18:40	42355.78	18	3.13	0.66	0.2	0.15	0.175	10.27	0.82	19
12/18/2015 0:30	42356.02	18	3.01	0.81	0.12	0.09	0.105	9.18	0.9	19
12/18/2015 13:00	42356.54	18	2.62	0.82	0.11	0.15	0.13	11.16	0.9	19
12/18/2015 17:45	42356.74	18	2.5	0.44	0	0.09	0.045	11.24	0.82	19
12/19/2015 12:40	42357.53	18	3.1	0.4	0	0	0	7.01	0.9	18
12/19/2015 18:45	42357.78	18	4.54	1.76	0.75	0.8	0.775		1.02	18
12/20/2015 5:00	42358.21	18	5.94	1	0.24	0.32	0.28	12.33	0.99	18
12/20/2015 13:20	42358.56	18	3.9	0.91	0.71	0.7	0.705	12.1	0.81	18
12/20/2015 18:00	42358.75	18	2.77	0.1	0	0	0	13.24	0.79	18
12/21/2015 5:00	42359.21	18	2.72	0.75	0	0	0	10.72	0.92	18
12/21/2015 18:50	42359.78	19	3.91	0.39	0.13	0.05	0.09	11.36	0.9	18
12/21/2015 23:25	42359.98	19	3.18	0.36	0	0	0	11.93	0.81	18
12/22/2015 11:40	42360.49	18	2.44	0.94	0.31	0.1	0.205	10.84	1	18
12/23/2015 5:30	42361.23	18	1.96	0.06	0	0	0	12.01		
12/23/2015 13:10	42361.55	18	2.2	0.33	0	0	0	7.87	1	18
12/23/2015 17:40	42361.74	18	2.03	0.96	0.31	0.27	0.29	6.01		18
12/24/2015 5:40	42362.24	18	1.82	0.26	0	0	0	7.59	0.98	18
12/24/2015 13:30	42362.56	18	2.11	0.62	0	0	0	7.54	1	18
12/25/2015 5:50	42363.24	14	3.36	0.29	0	0	0	7.18	0.8	18
12/25/2015 11:30	42363.48	18	2.32	0.66	0	0	0	7.87	0.99	18
12/26/2015 5:50	42364.24	17	3.02	0.68	0	0	0	7.8	0.16	18
12/26/2015 11:45	42364.49	18	2.72	0.5	0	0	0	7.88	1.08	18
12/26/2015 13:00	42364.54	17	2.62	0.44	0	0	0	7.87	1.05	18
12/27/2015 5:50	42365.24	18	1.77	0.02	0	0	0	8.1	0.81	17
12/27/2015 12:30	42365.52	17	1.79	0.77	0	0	0	6.3	1.05	18
12/28/2015 0:50	42366.03	17	2.01	0.27	0	0	0	6.96	0.98	17
12/28/2015 18:30	42366.77	17	2.33	0.5	0	0	0	6.89		18
12/29/2015 11:10	42367.47	17	2.3	0.28	0.01	0.02	0.015	8.22	0.9	18
12/29/2015 13:00	42367.54	17	2.33	0.45	0	0	0	7.61	0.5	18
12/29/2015 18:00	42367.75	17	2.12	0.9	0.31	0.88	0.595	7.94	0	18
12/30/2015 13:00	42368.54	17	2.23	0.76	0.01	0	0.005	9.79	0.62	17
12/30/2015 18:00	42368.75	17	2.12	0.32	0	0	0	9.72	1	
12/31/2015 17:30	42369.73	17	2.67	0.77	0	0	0	10.87	0.39	18
1/1/2016 13:00	42370.54	17	2.1	0.56	0	0	0	9.16	0.78	18
1/2/2016 6:20	42371.26	16	2.15	0.9	0	0	0	11.89	0.9	18
1/2/2016 13:10	42371.55	18	2.39	0.32	0	0	0	7.78	0.89	19
1/2/2016 18:30	42371.77	18	2.55	1.26	0.77	0.84	0.805	6.84		19
1/3/2016 13:10	42372.55	17	2.56	0.63	0.01	0	0.005	7.83	0.85	18
1/3/2016 18:00	42372.75	17	2.28	0.63	0	0	0	7.94	0.72	18
1/3/2016 18:00	42372.75	18	2.18	1	0.32	0.22	0.27	7.84	0.9	19
1/4/2016 6:00	42373.25	17	2.33	0.9	0	0	0	7.94	0.9	18
1/4/2016 11:22	42373.47	15	2.32	0.77	0.32	0.41	0.365	0.78	0.8	18
1/4/2016 18:25	42373.77	16	4.41	0.54	0.1	0.09	0.095	9.25	0.41	18
1/5/2016 5:50	42374.24	16	3.01	0.9	0.2	0.16	0.18	9.25	1.1	17
1/5/2016 11:36	42374.48	15	2.74	0.3	0	0	0	8.24	0.9	18
1/5/2016 18:00	42374.75	18	5.19	0.18	0	0	0	9.1	0.98	18
1/6/2016 13:30	42375.56	18	2.2	0.4	0	0	0	8.78	1.1	18
1/6/2016 18:10	42375.76	20	2.96	0.36	0	0.03	0.015	9.86	0.98	18
1/7/2016 13:10	42376.55	18	2.24	0.66	0	0	0	9.24	1.1	18
1/8/2016 18:00	42377.75	14	2.24	0	0	0	0	5	1.2	18
1/9/2016 13:26	42378.56	14	2.27	0.8	0.17	0.31	0.24	5.4	0.54	19
1/9/2016 18:00	42378.75	13	2.22	0	0	0	0	5.22	0.89	19
1/10/2016 18:30	42379.77	18	2.12	0.44	0	0	0	8.22	1	18
1/11/2016 13:15	42380.55	15	1.85	0.26	0	0	0	9.79	0.61	17
1/11/2016 18:00	42380.75	15	1.71	1.18	0.45	0.72	0.585	10.24	0.84	17
1/12/2016 6:00	42381.25	17	2.14	1.72	0.74	0.87	0.805	12.4		17
1/12/2016 13:13	42381.55	16	1.93	0.5	0	0	0	7.61		17
1/12/2016 18:00	42381.75	15	2.12	0.4	0	0	0	5.12	0.9	17
1/13/2016 23:00	42382.96	16	2.09	0.66	0	0	0	6.84	1.1	18
1/14/2016 6:00	42383.25	17	2.12	0.4	0	0	0	7.16		18
1/14/2016 12:30	42383.52	17	2.46	0.52	0	0	0	7.18	0.9	19
1/14/2016 18:00	42383.75	18	2.1	0.53	0	0	0	8.22		19
1/15/2016 6:00	42384.25	18	2.11	1.2	0.32	0.4	0.36	8.78	1	18
1/15/2016 12:10	42384.51	18	2.24	0.52	0	0	0	9.44	1.1	18
1/15/2016 13:20	42384.56	18	2.24	0.57	0	0	0	9.12	1.2	19
1/15/2016 23:23	42384.97	16	2.33	0.31	0	0	0	7.01	0.9	19
1/16/2016 5:35	42385.23	16	2.21	0.32	0	0	0	6.96	0.87	18
1/16/2016 12:20	42385.51	17	2.13	0.61	0.1	0.09	0.095	7.87	1.1	18
1/16/2016 18:00	42385.75	17	2.36	0.87	0	0	0	10.01	1	19
1/16/2016 23:00	42385.96	9	2.16	0.21	0	0	0	8.03	0.99	19
1/17/2016 15:30	42386.65	17	2.08	0.3	0	0	0	8.78	1	18
1/18/2016 5:39	42387.24	1	2.16	0.51	0.1	0.05	0.075	9.16	0.98	18
1/18/2016 13:20	42387.56	16	2.12	0.39	0	0	0	10.24	1.2	18
1/18/2016 17:40	42387.74	16	2.16	0.63	0	0	0	9.83	0.89	18
1/19/2016 12:00	42388.50	17	2.09	0.68	0.18	0.11	0.145	10.89	1.1	18
1/19/2016 18:50	42388.78	16	2.08	0.58	0	0	0	11.56	0.82	17
1/19/2016 23:30	42388.98	16	1.57	0.52	0	0	0	11.01	0.86	17
1/20/2016 12:30	42389.52	17	2.32	0.9	0.17	0.24	0.205	8.34	1.2	17
1/20/2016 17:00	42389.71	18	2.36	0.9	0.21	0.18	0.195	8.16	1.05	17
1/21/2016 0:20	42390.01	18	3.1	0.51	0	0	0	6.91	1.06	17
1/21/2016 5:50	42390.24	18	2.09	0.36	0	0	0	5.13	0.74	17
1/21/2016 13:00	42390.54	18	2.12	1.1	0.32	0.45	0.385	5.89	1.08	17
1/21/2016 17:00	42390.71	18	1.14	0.9	0.51	0.26	0.385	8.1	0.91	17
1/22/2016 0:15	42391.01	17	2.01	0.51	0	0	0	7.09	0.9	17
1/22/2016 6:45	42391.28	18	2.1	0.57	0	0	0	8.1	0.84	17
1/22/2016 12:30	42391.52	18	2.7	0.89	0.1	0.16	0.13	8.22	1.1	17
1/22/2016 17:00	42391.71	16	2.15	0.55	0	0	0	6.08	0.82	17
1/22/2016 23:40	42391.99	18	2.09	0.62	0	0.6	0.3	6.1	0.9	17
1/23/2016 6:00	42392.25	16	3.1	0.54	0	0	0	7.94	1	17
1/23/2016 13:10	42392.55	14	2.7	0.31	0	0	0	8.14	1.01	16
1/23/2016 17:30	42392.73	14	2.08	0.93	0	0.1	0.05	6.19	0.8	16
1/23/2016 23:00	42392.96	14	2.1	0.84	0.16	0.11	0.135	6.74	1.08	16
1/24/2016 6:00	42393.25	15	2.03	0.86	0.17	0.1	0.135	6.82	1	15
1/24/2016 13:24	42393.56	15	2.02	0.2	0	0	0	7.64	0.79	15
1/24/2016 17:40	42393.74	15	2.06	0.3	0	0	0	7.88	0.72	15
1/24/2016 23:00	42393.96	14	2.05	0.28	0	0	0	7.24	1.1	15
1/25/2016 6:00	42394.25	18	1.8	0.1	0	0	0	7.17	1.05	15
1/25/2016 13:10	42394.55	15	1.86	0.62	0	0	0	6.01	0.91	15
1/25/2016 17:30	42394.73	15	1.82	0.55	0	0	0	6.82	0.84	16
1/25/2016 23:30	42394.98	16	1.82	0.3	0	0	0	6.34	1.18	16
1/26/2016 13:20	42395.56	18	2.38	0.75	0.31	0.25	0.28	6.37	1	16
1/26/2016 17:45	42395.74	16	2.08	0.35	0	0	0	6	0.86	17
1/26/2016 23:40	42395.99	16	2.05	0.3	0	0	0	7.1	1.1	17
1/27/2016 12:00	42396.50	18	1.97	0.68	0		0	7.18	0.85	17
1/27/2016 17:45	42396.74	15	2	0.53	0.06	0	0.03	7.83	0.72	18
1/28/2016 5:00	42397.21	14	2.11	0.6	0	0	0	7.51	1.08	18
1/28/2016 13:00	42397.54	16	1.62	0.37	0.06	0.05	0.055	8.83	1.05	18
1/28/2016 23:50	42397.99	14	2.1	0.72	0	0	0	8.82	1.1	18
1/29/2016 13:20	42398.56	16.5	2.3	1.6	0.8	0.72	0.76	10.84	1.18	17
1/29/2016 18:25	42398.77	17	1.96	0.73	0.14	0.21	0.175	13.05	0.93	16
1/29/2016 23:30	42398.98	18	2.09	0.39	0	0	0	12.16	0.9	16
1/30/2016 13:40	42399.57	17	2	0.53	0	0	0	11.34	1	17
1/31/2016 6:20	42400.26	17	1.9	0.16	0	0	0	9.06	0.99	16
1/31/2016 11:30	42400.48	16	2.1	0.35	0	0	0	7.84	1.1	18
1/31/2016 18:35	42400.77	16	1.65	0.11	0	0	0	6.47	0.99	18
2/1/2016 6:00	42401.25	16	1.75	0.05	0	0	0	6.01	0.9	17
2/1/2016 11:30	42401.48	16	1.94	0.2	0	0	0	6.34	0.9	18
2/1/2016 12:00	42401.50	9	2.1	0.21	0	0	0	7.03	0.9	18
2/2/2016 12:30	42402.52	16	2.12	0.52	0	0	0	7.82	1.1	17
2/2/2016 18:20	42402.76	15	1.94	0.81	0.1	0.12	0.11	7.04	0.96	18
2/3/2016 5:00	42403.21	15	1.63	0.15	0	0	0	7.04	1	17
2/3/2016 12:00	42403.50	14	2.01	0.25	0	0	0	6.86	0.9	17
2/3/2016 13:20	42403.56	15	1.84	0.22	0	0	0	6.24	1	18
2/3/2016 18:00	42403.75	15	2.14	0.26	0	0	0	6.9	1	18
2/4/2016 13:00	42404.54	14	1.9	0.34	0	0	0	6.84	1.15	18
2/4/2016 18:25	42404.77	13	1.96	0.18	0	0	0	7.96	1.01	18
2/5/2016 12:45	42405.53	12	1.79	0.3	0	0	0	60.1	1.01	17
2/5/2016 12:50	42405.53	17	3.2	0.26	0	0	0	10.53	1.04	17
2/5/2016 18:00	42405.75	15	3	0.52	0	0	0	8.72	0.74	17
2/5/2016 23:00	42405.96	15	2.89	0.41	0	0	0	8.78	1.09	17
2/6/2016 13:15	42406.55	15	3.6	0.47	0	0	0	8.63	0.88	16
2/6/2016 23:30	42406.98	15	3.84	0.3	0	0	0	8.94	1.1	16
2/7/2016 13:09	42407.55	15	5.15	1.49	0.52	0.36	0.44	12.33	0.7	16
2/7/2016 18:35	42407.77	15	4.54	1.41	0.33	0.66	0.495	12.84	1	16
2/8/2016 6:00	42408.25	15	3.09	0.55	0	0	0	12.41	0.9	15
2/8/2016 13:05	42408.55	17	2.29	0.25	0	0	0	8.63	0.9	15
2/8/2016 18:00	42408.75	15	2.12	0.26	0	0	0	9.78		15
2/8/2016 23:00	42408.96	15	1.9	0.2	0	0	0	9	1	15
2/9/2016 13:15	42409.55	19	2	0.85	0.09	0.04	0.065	10.57	0.89	14
2/9/2016 18:00	42409.75	16	2.12	0.56	0	0	0	8.96	1	14
2/10/2016 6:00	42410.25	15	2	0.32	0	0	0	7.17	0.82	14
2/10/2016 13:25	42410.56	20	2.23	0.59	0.13	0.1	0.115	7.03	0.9	14
2/10/2016 18:30	42410.77	15	3.17	0.72	0.09	0.11	0.1	11.24	0.84	20
2/10/2016 18:30	42410.77	15	2.09	0.91	0.32	0.44	0.38	6.89		14
2/10/2016 23:00	42410.96	16	2	0.5	0	0	0	7.57	1	14
2/11/2016 13:15	42411.55	18	1.79	0.53	0	0	0	8.01	1.1	14
2/11/2016 18:35	42411.77	19	2.11	0.91	0.1	0.21	0.155	8.19	0.9	14
2/12/2016 5:20	42412.22	20	2.1	0.29	0	0	0	8.16	0.98	14
2/12/2016 5:50	42412.24	16	2.04	0.41	0	0	0	9.12	0.91	14
2/12/2016 12:00	42412.50	20	2.24	0.45	0	0	0	7.87		14
2/12/2016 18:10	42412.76	16	2.25	0.27	0	0	0	9.98	0.21	14
2/13/2016 11:00	42413.46	19	2.04	0.4	0	0	0	8.32	1.18	15
2/13/2016 18:20	42413.76	19	2.19	0.78	0.01	0.02	0.015	8.96	1.1	15
2/14/2016 11:00	42414.46	16	4	0.68	0	0	0	9.71	1.1	15
2/14/2016 18:40	42414.78	18	3.96	1	0.9	0.56	0.73	11.13	0.9	15
2/15/2016 6:50	42415.28	17	3.01	0.5	0	0	0	9.1	0.91	15
2/15/2016 13:00	42415.54	17	2.56	0.84	0	0	0	8.38	1.15	16
2/16/2016 11:00	42416.46	16	2.77	0.6	0	0	0	1.17	1.2	17
2/16/2016 18:25	42416.77	17	2.41	0.6	0	0	0	8.78	1.05	18
2/16/2016 23:00	42416.96	18	2.36	0.41	0	0	0	8.01	0.9	18
2/17/2016 6:00	42417.25	15	2.54	0.32	0	0	0	8.72		18
2/17/2016 12:00	42417.50	18	2.12	0.33	0	0	0	8.78	1.1	18
2/17/2016 18:00	42417.75	17	2.4	0.57	0.01	0.03	0.02	7.18	1.05	18
2/18/2016 5:10	42418.22	18	2.36	0.36	0	0	0	9.1	1	18
2/18/2016 13:00	42418.54	18	2.49	0.3	0	0	0	7.12	1.15	18
2/18/2016 18:05	42418.75	16	3.37	0.36	0	0	0	7.63	0.64	18
2/19/2016 12:10	42419.51	17	1.9	0.5	0.03	0	0.015	6.52	0.77	18
2/19/2016 18:00	42419.75	17	2.09	0.32	0	0	0	7.04		18
2/20/2016 0:45	42420.03	17	2.22	0.4	0	0	0	7.54	1.15	17
2/20/2016 11:35	42420.48	18	2.08	0.56	0	0	0	6.97	1.01	18
2/21/2016 5:00	42421.21	16	1.97	0.6	0	0	0	7.1	1	17
2/22/2016 11:50	42422.49	18	1.87	0.83	0.25	0.31	0.28	9.25	1	17
2/22/2016 18:30	42422.77	15	1.92	0.5	0	0	0	9.32	0.32	18
2/23/2016 5:00	42423.21	16	2	0.4	0	0	0	9	1	18
2/23/2016 13:19	42423.55	16	1.9	0.45	0.13	0.1	0.115	8.1	0.71	18
2/23/2016 18:22	42423.77	14	1.92	0.33	0	0	0	8.78		18
2/23/2016 23:45	42423.99	13	2.02	0.31	0	0	0	6.24	1.08	18
2/24/2016 6:00	42424.25	13	1.9	0.31	0	0	0	6	0.82	18
2/24/2016 13:05	42424.55	22	4.01	0.73	0.29	0.16	0.225	6.23	0.8	18
2/24/2016 18:00	42424.75	16	2.12	0.54	0.1	0.04	0.07	6.72		19
2/25/2016 0:00	42425.00	16	10.14	1.5	0.67	0.51	0.59	13.87	1.32	17
2/25/2016 6:00	42425.25	15	6.13	0.92	0.33	0.3	0.315	13.22	1.05	18
2/25/2016 18:00	42425.75	15	4	0.6	0	0	0	11.78	0.82	17
2/26/2016 5:00	42426.21	15	3.72	0.72	0.09	0.09	0.09	11.67	1	16
2/26/2016 18:10	42426.76	16	2.05	0.01	0	0	0	11.56	10.07	16
2/26/2016 23:10	42426.97	16	2.16	0.21	0	0	0	9.16	0.9	16
2/27/2016 13:30	42427.56	16	2.03	0.87	0.33	0.4	0.365	8.78	1.1	15
2/27/2016 18:05	42427.75	16	1.82	0.74	0.1	0.09	0.095	8.63	0.96	15
2/28/2016 12:00	42428.50	16	2.09	0.66	0	0	0	9.18	1.1	15
2/28/2016 18:30	42428.77	16	1.96	0.25	0	0	0	10.18	1	16
2/28/2016 23:45	42428.99	16	3.1	0.51	0.1	0.09	0.095	10.08	0.98	16
2/29/2016 11:20	42429.47	16.5	2.12	0.4	0	0	0	10.12	1.1	16
2/29/2016 12:00	42429.50	17	1.96	0.25	0	0	0	9.91	1.01	17
3/1/2016 12:00	42430.50	18	2.03	0.4	0	0	0	8.72	1.1	17
3/1/2016 18:25	42430.77	17	2.18	0.34	0	0	0	9.79	0.93	17
3/1/2016 23:50	42430.99	17	2	0.2	0	0	0	9.93	0.98	17
3/2/2016 11:00	42431.46	17	1.9	0.32	0	0	0	7.19	1.15	17
3/2/2016 18:20	42431.76	17	1.91	0.55	0.1	0.08	0.09	5.41		17
3/2/2016 23:50	42431.99	17	2.1	0.4	0	0	0	5.1	1	17
3/3/2016 12:40	42432.53	17	1.87	0.63	0.15	0.09	0.12	5.44	1.1	17
3/3/2016 23:00	42432.96	18	2.01	0.51	0.05	0.03	0.04	6.05	0.9	17
3/4/2016 11:34	42433.48	17	1.54	0.28	0		0	7.61		18
3/4/2016 17:50	42433.74	14	2.48	0.87	0.17	0	0.085	14.84	1	22
3/4/2016 18:30	42433.77	17	1.72	0.4	0	0	0	7.81	1	18
3/4/2016 23:00	42433.96	17	2	0.55	0	0	0	7.44	1.1	18
3/5/2016 11:45	42434.49	17	2.06	0.86	0.24	0.3	0.27	9.35	1.07	18
3/6/2016 5:10	42435.22	17	1.77	0.32	0	0	0	9.87	1.15	
3/6/2016 18:30	42435.77	17	2	0.22	0	0	0	10.44	1.05	18
3/6/2016 23:00	42435.96	17	2.08	0.3	0	0	0	10.12	1.08	18
3/7/2016 11:50	42436.49	15	1.79	0.5	0	0	0	10.23	1.03	18
3/8/2016 6:00	42437.25	17	2.1	0.33	0	0	0	7.81	1.15	18
3/8/2016 11:30	42437.48	18	2.23	0.4	0	0	0	6.96	0.93	18
3/8/2016 23:00	42437.96	16	1.98	0.34	0	0	0	6.53	1.15	19
3/9/2016 11:50	42438.49	17	2.37	0.92	0.6	0.51	0.555	7.18	1	18
3/9/2016 17:45	42438.74	16	1.9	0.45	0	0	0	6.97		19
3/9/2016 23:45	42438.99	16	2	0.53	0	0.1	0.05	6.82	1.15	19
3/10/2016 11:30	42439.48	17	1.99	0.94	0.1	0.16	0.13	8.27	0.77	19
3/10/2016 17:45	42439.74	16	2.02	0.62	0	0	0	7.84	1	19
3/10/2016 23:00	42439.96	16	2	0.72	0.19	0.22	0.205	9.84	1.18	19
3/11/2016 11:40	42440.49	16	2.2	0.75	0.25	0.11	0.18	9.78	1.05	19
3/11/2016 18:20	42440.76	14	2.48	0.78	0.2	0.15	0.175	10.57	0.56	20
3/12/2016 0:00	42441.00	15	2.08	0.76	0.11	0.2	0.155	6.87	1.1	19
3/12/2016 0:20	42441.01	13	2.05	0.2	0	0	0	8.96	0.98	20
3/12/2016 5:10	42441.22	15	2.36	1.72	0.94	0.86	0.9	8.01	1.05	20
3/12/2016 12:00	42441.50	15	2.1	0.51	0	0	0	5.67	1.11	20
3/12/2016 18:35	42441.77	15	2.26	0.77	0.36	0.25	0.305	6.66	1.14	20
3/13/2016 12:00	42442.50	15	1.87	0.3	0	0	0	5.84	1.1	20
3/13/2016 18:35	42442.77	14	2.06	0.72	0.15	0.13	0.14	6.07	0.88	20
3/14/2016 5:30	42443.23	14	2.16	0.78	0.13	0.15	0.14	6.9	0.98	19
3/14/2016 11:40	42443.49	16	7.45	0.62	0.03	0.09	0.06	8.09	0.82	22
3/14/2016 12:00	42443.50	14	2.09	0.52	0	0	0	6.24	1.1	20
3/14/2016 18:00	42443.75	14	1.84	0.75	0.15	0.21	0.18	6.34	1.01	20
3/14/2016 23:00	42443.96	14	1.96	0.43	0	0	0	7.06	0.9	20
3/15/2016 12:00	42444.50	17	2.01	0.5	0	0.01	0.005	9.21	0.9	20
3/15/2016 12:45	42444.53	18	4.4	1.27	0.53	0.4	0.465	8.78	1.15	19
3/15/2016 18:20	42444.76	17	2.82	0.56	0.1	0.09	0.095	9.35	0.82	20
3/16/2016 11:45	42445.49	18	2.63	0.52	0	0	0	8.22	1.15	19
3/16/2016 18:45	42445.78	16.5	2.49	0.27	0	0	0	10.77		20
3/16/2016 23:20	42445.97	18	2.51	0.75	0.05	0.03	0.04	8.63	1.05	20
3/17/2016 11:00	42446.46	17	2.24	0.9	0.3	0.27	0.285	8.94	1.18	19
3/18/2016 12:40	42447.53	17	2.62	0.94	0.5	0.36	0.43	8.27	0.62	20
3/18/2016 18:00	42447.75	17	2.22	0.57	0	0	0	7.1	1	20
3/18/2016 23:45	42447.99	16	2.2	0.57	0.04	0.09	0.065	7.17	1.1	20
3/19/2016 11:00	42448.46	17	2.51	0.8	0.18	0.2	0.19	8.27	1.1	20
3/19/2016 18:00	42448.75	17	2.44	0.56	0	0	0	8.78		20
3/20/2016 0:00	42449.00	17	2.38	0.69	0.1	0.17	0.135	8.72	1.09	20
3/20/2016 11:15	42449.47	17	2.05	0.25	0	0	0	7.96	0.9	20
3/20/2016 18:00	42449.75	16	2.28	0.77	0.19	0.22	0.205	8	1.05	22
3/20/2016 23:45	42449.99	15	2.19	0.87	0	0	0	7.87	1.1	21
3/21/2016 23:00	42450.96	16	4.77	1.1	0.37	0.32	0.345	11.24	1.15	19
3/22/2016 7:18	42451.30	15	9.25	2.64	0.79	0.81	0.8	12.82	1.23	18
3/22/2016 13:30	42451.56	16	4.53	1.96	0.64	0.48	0.56	16.18	0.9	18
3/23/2016 6:00	42452.25	15	3.75	1.22	0.34	0.37	0.355	11.84	1.15	18
3/23/2016 18:00	42452.75	15	2.85	0.77	0.1	0.22	0.16	15.72	0.1	18
3/23/2016 23:40	42452.99	15	3	0.131	0	0.13	0.065	14.24	1.15	18
3/24/2016 12:00	42453.50	15	3.01	0.51	0.09	0.05	0.07	11.05	1	18
3/24/2016 17:45	42453.74	13	3.44	2.63	1.87		1.87	8.9	0.99	18
3/25/2016 4:45	42454.20	17	2.41	0.82	0.31	0.2	0.255	9.87	1.05	
3/25/2016 12:45	42454.53	17	2.44	0.9	0.1	0	0.05	10.84	1.1	19
3/25/2016 18:30	42454.77	17	2.1	0.99	0.35	0.29	0.32	11.31	1.06	19
3/26/2016 11:00	42455.46	16	2.1	0.65	0	0	0	9.82	1.15	20
3/26/2016 18:25	42455.77	16	1.98	0.62	0	0	0	11.56	0.85	20
3/27/2016 6:00	42456.25	16	1.77	0.27	0	0	0	10.96	0.98	20
3/27/2016 12:30	42456.52	15	1.9	0.03	0	0	0	10.34	1	20
3/27/2016 23:15	42456.97	17	3.95	0.76	0.15	0.21	0.18	11.36	0.86	20
3/28/2016 12:30	42457.52	19	1.9	0.38	0	0	0	8.78	1.15	20
3/28/2016 18:35	42457.77	17	2.09	0.28	0	0	0	8.7	1.16	20
3/29/2016 0:10	42458.01	17	1.81	0.31	0	0	0	6.26	0.91	20
3/29/2016 12:00	42458.50	19	2.03	0.65	0	0	0	8.78	1.08	20
3/29/2016 18:30	42458.77	17	2.05	0.56	0.1	0.09	0.095	6.86	1.01	20
3/30/2016 5:20	42459.22	18	1.79	0.47	0	0	0	7.03	1.15	19
3/30/2016 11:00	42459.46	19	1.89	0.62	0	0.04	0.02	8.1	1.15	20
3/30/2016 18:20	42459.76	17	1.97	0.29	0	0	0	9.79	1.08	20
3/31/2016 0:15	42460.01	15	1.89	0.25	0.05	0.08	0.065	7.36	1	20
3/31/2016 12:00	42460.50	16	2.03	0.9	0.1	0.2	0.15	8.31	1	20
3/31/2016 18:50	42460.78	16	2.22	0.39	0	0	0	9.25	0.33	21
4/1/2016 5:00	42461.21	15	2.14	0.6	0.1	0.05	0.075	7.21	1.01	20
4/1/2016 13:39	42461.57	16	1.9	0.43	0.05	0.08	0.065	7.87	0.98	21
4/1/2016 18:30	42461.77	16	2.01	0.33	0	0	0	8.38	1.1	21
4/2/2016 11:50	42462.49	15	2.87	1	0.6	0.51	0.555	5.28	0.98	21
4/2/2016 18:45	42462.78	15	2.5	0.51	0	0	0	5.22	1.1	21
4/3/2016 13:30	42463.56	15	1.89	0.65	0.12	0.09	0.105	5.86	1.01	21
4/3/2016 18:00	42463.75	14	2.25	1.85	1	0.9	0.95	5.87	1.05	21
4/4/2016 5:10	42464.22	15	2.12	0.32	0	0	0	6.34	1	20
4/4/2016 13:17	42464.55	16	2.05	0.65	0.09	0.11	0.1	8.96	1	20
4/4/2016 23:45	42464.99	16.5	1	0.66	0	0	0	8.18	1.1	20
4/5/2016 17:50	42465.74	16	2.57	1.19	0.66	0.31	0.485	10.84	0	21
4/6/2016 6:00	42466.25	16	2.22	0.59	0	0	0	10.72	1.15	20
4/6/2016 23:00	42466.96	17	1.9	0.55	0	0	0	7.84	1	20
4/7/2016 11:30	42467.48	18	2.05	0.55	0.01	0.02	0.015	6.91	0.71	20
4/7/2016 18:45	42467.78	17	2	0.9	0.33	0.41	0.37	7.34	0.92	20
4/7/2016 23:45	42467.99	17	2.22	0.87	0.19	0.22	0.205	7.94	1.1	20
4/8/2016 12:00	42468.50	17	2.09	0.59	0	0	0	9.18	1	20
4/8/2016 12:00	42468.50	16	2.1	0.68	0	0	0	16.63	1.01	20
4/8/2016 18:40	42468.78	16	2.37	0.9	0.05	0.09	0.07	12.06		20
4/9/2016 23:00	42469.96	14	2.1	0.65	0	0	0	9.19	1.05	20
4/9/2016 23:40	42469.99	13	2.08	0.56	0	0	0	10.01	1	20
4/10/2016 5:50	42470.24	13	2.05	0.46	0.05	0.1	0.075	10.76	1.01	19
4/10/2016 18:37	42470.78	14	2.36	0.5	0	0	0	10.57	1.13	20
4/10/2016 23:50	42470.99	13	2.1	0.25	0	0	0	6.07	1.03	20
4/11/2016 11:24	42471.48	17	42.29	0.29	0	0	0	9.78	1.15	20
4/11/2016 17:35	42471.73	16	2.88	0.8	0.2	0.25	0.225	8.09	0.99	20
4/12/2016 5:10	42472.22	15	2.41	0.52	0	0	0	6.01	1	20
4/12/2016 13:00	42472.54	14	2.4	0.51	0	0	0	7	1.1	20
4/13/2016 13:05	42473.55	14	2.24	0.57	0	0	0	7.24	1	20
4/13/2016 17:35	42473.73	15.5	2.42	0.45	0	0	0	8.36	1	21
4/13/2016 23:50	42473.99	15	2.72	0.36	0	0	0	8.18	1	21
4/15/2016 13:00	42475.54	8	2.32	0.3	0	0	0	5.24	1.24	21
4/16/2016 5:20	42476.22	7	2.01	0.25	0	0	0	6.98	0.9	20
4/16/2016 11:00	42476.46	8	2.34	0.34	0	0.11	0.055	5.22	1	
4/17/2016 23:00	42477.96	16	2.22	0.31	0	0	0	7.26	1	20
4/18/2016 12:37	42478.53	16	2.94	0.37	0	0	0	7.96		21
4/18/2016 18:17	42478.76	15.5	2.77	0.5	0.04	0	0.02	8.24	0	21
4/19/2016 11:35	42479.48	15	1.98	0.4	0.05	0.06	0.055	7.96	0.89	21
4/20/2016 1:40	42480.07	15	2.54	1	0.32	0.44	0.38	7.94	0.9	21
4/20/2016 12:20	42480.51	15	2.67	1.05	0.25	0.3	0.275	9.54	0.7	22
4/20/2016 17:40	42480.74	15	2.32	1.11	0.54	0.38	0.46	8.59		22
4/21/2016 1:00	42481.04	15	2.34	0.81	0.2	0.24	0.22	8.71	1.05	21
4/21/2016 11:30	42481.48	15.5	2.19	0.54	0.05	0.02	0.035	6.44	0.89	21
4/22/2016 5:00	42482.21	15	2.24	0.51	0	0	0	9.19	1	
4/22/2016 12:00	42482.50	17	6.35	0.6	0	0	0	8.96	0.91	21
4/22/2016 23:52	42482.99	13	2.34	0.54	0.02	0.1	0.06	8	0.94	22
4/23/2016 5:10	42483.22	12	2.52	0.3	0	0	0	8.32		21
4/23/2016 11:48	42483.49	13	2.22	0.44	0	0	0	9.19	1	22
4/24/2016 7:22	42484.31	13	2.54	0.32	0	0	0	7.11	0.84	22
4/24/2016 18:00	42484.75	11	4.3	0.79	0.1	0.21	0.155	7.04	0.5	22
4/25/2016 5:00	42485.21	12	2.76	0.25	0	0	0	8.23	0.81	21
4/25/2016 13:10	42485.55	13	2.54	0.57	0.17	0.11	0.14	7.87	0.99	22
4/25/2016 18:00	42485.75	10	2.65	0.5	0	0	0	8.14	1.05	22
4/26/2016 5:20	42486.22	11	2.23	0.42	0.09	0	0.045	6.98	0.96	21
4/26/2016 13:45	42486.57	15	2.34	0.53	0.22	0.1	0.16	8.1	1	22
4/26/2016 18:00	42486.75	14	2.54	0.25	0	0	0	7.92	0.89	22
4/26/2016 23:35	42486.98	19	21.01	1.05	0.38	0.26	0.32	13.01	0.81	22
4/27/2016 12:00	42487.50	19	3.92	1.1	0.32	0.52	0.42	10.94	1	20
4/27/2016 17:18	42487.72	17.5	2.54	0.25	0	0	0	10.88	0.93	22
4/28/2016 6:50	42488.28	8	3	0.5	0.33	0.1	0.215	8.38	1	21
4/28/2016 13:00	42488.54	15	2.9	0.66	0.17	0.22	0.195	6.89	1.05	21
4/28/2016 18:22	42488.77	17	2.33	0.9	0.28	0.36	0.32	6.47	0.82	22
4/29/2016 0:15	42489.01	15	2.18	0.56	0	0	0	6.91	0.9	21
4/29/2016 12:35	42489.52	14.5	2.66	0.59	0.05	0.09	0.07	10.3	1.05	24
4/29/2016 17:00	42489.71	15	2.71	0.51	0.02	0.09	0.055	8.63	1	22
4/30/2016 6:00	42490.25	17	2.22	0.3	0	0	0	8.22	1.03	21
4/30/2016 11:30	42490.48	17.8	2.48	0.98	0.01	0.03	0.02	7.81	0.9	22
5/1/2016 1:35	42491.07	15	2.39	0.47	0	0	0	7.34	1	22
5/1/2016 13:05	42491.55	14.7	2.11	1.76		0.3	0.3	9.69		22
5/1/2016 23:00	42491.96	13	2.22	0.9	0.33	0.27	0.3	8.78	1	22
5/2/2016 5:00	42492.21	14	2.1	0.82	0.31	0.22	0.265	8.34	1	22
5/2/2016 11:30	42492.48	13.2	2.76	0.3	0	0	0	7.83	0.88	23
5/2/2016 17:40	42492.74	13	2.1	0.57	0	0	0	7.34	0.91	22
5/3/2016 5:00	42493.21	15	2.08	0.5	0	0	0	8.34		22
5/3/2016 12:30	42493.52	15.5	2.89	1.19	0.35	0.4	0.375	7.16	0.85	23
5/5/2016 0:00	42495.00	14	2.6	0.52	0	0	0	11.24	0.9	21
5/5/2016 13:15	42495.55	13.3	3.64	0.96	0.25	0.19	0.22	9.01	0.98	22
5/5/2016 18:20	42495.76	17	1.82	0.89	0.32	0.46	0.39	9.79		18
5/6/2016 11:00	42496.46	13.5	2.22	0.55	0	0.03	0.015	10.87	0.9	21
5/7/2016 5:10	42497.22	12	2.61	0.2	0	0	0	7.01	0.98	21
5/7/2016 12:00	42497.50	115	3.12	0.44	0.09	0.11	0.1	7.24	1.05	22
5/7/2016 18:40	42497.78	14	2.56	1.2	0.36	0.42	0.39	5.81	1.05	22
5/11/2016 18:15	42501.76	7	2.22	0.49		0	0	12.68	0.94	23
5/12/2016 11:30	42502.48	7	2.34	0.66		0.09	0.09	9.34	0.99	21
5/13/2016 5:00	42503.21	7	2.02	0.76		0.1	0.1	9.76	0.8	21
5/13/2016 12:50	42503.53	9.5	2.31	1.1	0.39	0.8	0.595	7.04	0.9	23
5/13/2016 18:40	42503.78	7.5	2.54	0.44	0.09		0.09	5.92	1	23
5/13/2016 23:00	42503.96	7	2.34	0.72	0.17		0.17	5.92	1.05	22
5/14/2016 18:22	42504.77	16	3.12	0.45	0	0	0	7.54	0.99	22
5/15/2016 12:50	42505.53	12.5	2.05	1.09	0.2	0.39	0.295	8.63	1.18	23
5/16/2016 6:50	42506.28	11.5	2.08	0.92	0.21	0.18	0.195	12.86	1.14	22
5/16/2016 18:00	42506.75	9	3.33	0.77	0.17	0.22	0.195	10.48	0.77	23
5/17/2016 13:10	42507.55	9.8	2.04	1.14	0.05	0.3	0.175	8.76	1	23
5/17/2016 18:30	42507.77	17	2.31	0.59	0.18	0.15	0.165	6.52	1.08	20
5/17/2016 18:45	42507.78	10	2.05	0.8	0.04	0.12	0.08	10.24	0.99	23
5/17/2016 23:00	42507.96	10	58.42	0.37	0.02	0.02	0.02	11.22	0.92	22
5/18/2016 12:10	42508.51	19	2.1	0.36	0	0	0	6.81	1	20
5/18/2016 23:00	42508.96	5	5.24	1	0.33		0.33	9.78		
5/19/2016 11:50	42509.49	14	6.97	3.85	0.57	0.6	0.585	14	1.05	22
5/19/2016 18:22	42509.77	14	6.88	1.52	0.87	0.55	0.71	14.24	1	23
5/20/2016 5:40	42510.24	10	3.76	0.95	0.25	0.3	0.275	11.12	0.9	23
5/20/2016 12:30	42510.52	7	3.21	0.87	0.22	0.28	0.25	12.87	0.84	23
5/20/2016 18:00	42510.75	7	3.05	0.66	0.05	0.03	0.04	20.08	1.32	23
5/21/2016 0:00	42511.00	6.5	2.01	0.31	0.07	0.16	0.115	7.03	0.9	23
5/21/2016 12:30	42511.52	6	3.01	0.35	0	0	0	12.19	1	23
5/21/2016 13:00	42511.54	7	2.81	0.4	0.09	0.03	0.06	9.7	0.9	22
5/22/2016 11:00	42512.46	10	3.33	0.77	0.02	0.1	0.06	10.84	1.05	22
5/22/2016 18:30	42512.77	10	3.09	0.13	0	0	0	6.16	0.35	23
5/23/2016 11:50	42513.49	9	2.03	0.2	0	0	0	7.34	0.99	23
5/24/2016 12:00	42514.50	10	2.08	0.64	0.1		0.1	7.87	1	23
5/25/2016 6:00	42515.25	10	2.58	0.65	0.44		0.44	7.87	1	
5/25/2016 13:00	42515.54	15	2.24	1.17	0.75		0.75	10.84	1.1	23
5/26/2016 13:00	42516.54	6	2.34	0.32	0.02		0.02	7.32	0.99	23
5/26/2016 17:50	42516.74	9	2.19	0.08	0.13		0.13		1.1	
5/26/2016 18:15	42516.76	3.3	2.43	0.3	0	0	0			
5/27/2016 11:00	42517.46	3	2.34	0.32	0.04	0.02	0.03			
5/27/2016 17:00	42517.71	3	2.24	0.2	0.1	0.22	0.16			
5/28/2016 12:30	42518.52	3.4	2.36	0.5	0.13		0.13			
5/29/2016 12:50	42519.53	3.5	2.36	0.2	0		0			
5/29/2016 18:00	42519.75	3	2.22	0.3	0.02		0.02			
5/30/2016 5:00	42520.21	6	2.32	0.7	0.02	0	0.01			
5/30/2016 13:00	42520.54	3.5	2.46	0.6	0.05		0.05			
5/31/2016 5:00	42521.21	3	2.08	0.3	0	0	0	11.74	0.69	2
5/31/2016 18:22	42521.77	8	3.33	0.3	0	0	0	9.18	1	23
6/1/2016 13:28	42522.56	5	3.26	0.81	0.02	0.05	0.035	8.39	0.8	23
6/2/2016 0:00	42523.00	18	41.87	1.1	0.34	0.56	0.45	15.34	1.11	21
6/2/2016 6:00	42523.25	14	38.14	5.86	2.08	2.17	2.125	19.34	1	2
6/3/2016 13:10	42524.55	15	13.23	3.83	1.75	1.22	1.485	17.44	1.2	20
6/3/2016 18:00	42524.75	17	13.16	2.91		1.03	1.03	18.76	0.9	20
6/4/2016 12:05	42525.50	17	15.24	1.34	0.33	0.44	0.385	17.24	1.1	19
6/5/2016 0:10	42526.01	16	11.36	1.21	0.96	0.81	0.885	10.76	1	20
6/5/2016 11:30	42526.48	14	1.83	1.32	0.7	0.61	0.655	11.34	1.15	21
6/6/2016 0:25	42527.02	12	4.36	0.82	0.06	0.09	0.075	9.36	0.71	21
6/6/2016 11:45	42527.49	14	5.94	0.87	0.02	0.1	0.06	9.12	1.18	21
6/6/2016 12:00	42527.50	10	5.26	0.36	0	0	0	8.96	1.01	20
6/6/2016 17:58	42527.75	10.5	5.99	0.79	0.08	0.03	0.055	10.48	1.15	21
6/7/2016 11:30	42528.48	13	15.91	0.75	0	0.04	0.02	8.18	1.17	21
6/7/2016 18:35	42528.77	17	61.48	0.81	0.09	0.06	0.075	14.08	1.1	20
6/8/2016 5:20	42529.22	15	8.68	1.96	0.88	0.63	0.755	18.24	0.99	20
6/8/2016 11:00	42529.46	14	2.17	0.5	0	0	0	5.33	1	21
6/8/2016 11:40	42529.49	15	6.08	1.15	0.75	0.57	0.66	12.34	1.1	20
6/8/2016 17:50	42529.74	10	2.63	0.36	0	0	0	6.7	1	22
6/9/2016 6:44	42530.28	19	15.87	1.99	1	0.99	0.995	17.24	0.99	20
6/9/2016 11:20	42530.47	10	2.3	0.5	 	0	0	7.17	1	21
6/9/2016 11:22	42530.47	15	13.1	1.9	0.9	0.77	0.835	15.12	1.19	20
6/9/2016 18:10	42530.76	10	2.15	0.62	0	0.05	0.025	7.3	1	22
6/10/2016 6:40	42531.28	19	7.36	0.21	0	0	0	14.22	0.99	20
6/10/2016 12:00	42531.50	7	2.54	0.9	0.17	0.22	0.195	7.24	10.9	
6/10/2016 18:00	42531.75	15	6.47	1.3	0.55	0.67	0.61	17.24	1.11	20
6/11/2016 18:30	42532.77	15	5.22	0.97	0.1	0.22	0.16	1.24	0.86	21
6/12/2016 17:40	42533.74	13	3.22	2	1.1	1.22	1.16	10.84		21
6/13/2016 6:00	42534.25	14	2.18	0.33	0	0	0	6.33	0.99	18
6/13/2016 11:40	42534.49	16	4.96	0.38	0	0	0	10.69	1	20
6/13/2016 18:00	42534.75	14	5.17	0.99	0.1	0.22	0.16	11.27	0.9	20
6/14/2016 12:51	42535.54	13	4.76	0.8	0.18	0.2	0.19	8.01	1	20
6/15/2016 5:10	42536.22	15	26.72	1.31	0.57	0.24	0.405	19.89	1.1	19
6/15/2016 17:30	42536.73	14	11.94	2.92	0.99	0.73	0.86	17.24	0.34	20
6/16/2016 5:22	42537.22	15	17.12	2.66	1	0.9	0.95	17.34	1.1	19
6/16/2016 12:00	42537.50	13	11.01	1.91	0.09		0.09	10.05	0.81	19
6/16/2016 18:30	42537.77	13.5	15.29	1.89	0.75		0.75	13.29	1.2	19
6/17/2016 5:30	42538.23	14	9.19	2.53	1		1	15.87	1.09	19
6/17/2016 12:00	42538.50	13.3	8.3	1	0.3		0.3	19.24	1	19
6/17/2016 17:50	42538.74	14	8.4	1	0.15		0.15	12.38	1	19
6/18/2016 5:13	42539.22	18	8.7	0.82	0.06		0.06	10.05	1.05	19
6/18/2016 11:30	42539.48	15	7.87	2.09	0.9		0.9	12.24	1.15	19
6/18/2016 18:00	42539.75	15	8.01	1.93	0.86		0.86	10.96	1.36	19
6/19/2016 0:10	42540.01	14	10.21	0.9	0.13	0.18	0.155	9.61	1	19
6/19/2016 11:10	42540.47	15	7.08	1.36	0.55	0.3	0.425	11.24	1.1	19
6/19/2016 17:00	42540.71	15	6.28	2.03	1.05	1.26	1.155	12.1	0.51	19
6/20/2016 6:00	42541.25	20	8.14	1.61	0.49	0.51	0.5	9.56	0.98	19
6/20/2016 12:00	42541.50	18	6.12	0.8	0.11	0.09	0.1	9.22	1.17	20
6/20/2016 18:25	42541.77	17	5.74	1.25	0.72	0.53	0.625	8.7	0.85	20
6/21/2016 11:30	42542.48	16	5.9	1.2	0.39	0.51	0.45	9.38	1.15	20
6/21/2016 18:15	42542.76	16	5.96	0.4	0	0	0	10.81	1	19
6/21/2016 23:20	42542.97	16	7.36	0.51	0.01	0.03	0.02	11.21	1.05	19
6/22/2016 11:40	42543.49	16.5	4.33	0.8	0.1	0	0.05	9.34	1.14	19
6/22/2016 18:55	42543.79	15	23.18	1.05	0.23	0.31	0.27	13.99	1	20
6/23/2016 6:20	42544.26	10	6.3	0.18	0	0	0	9.43	1.01	19
6/23/2016 18:20	42544.76	11	4.98	0.19	0	0	0	17.36	1.05	19
6/23/2016 23:40	42544.99	14	4.53	0.99	0.17	0.21	0.19	9.31	1.1	19
6/24/2016 12:50	42545.53	16	3.84	0.43	0	0	0	11.01	1	20
6/24/2016 18:30	42545.77	15	3.51	0.71	0	0.02	0.01	9.87	1.09	19
6/25/2016 11:40	42546.49	17	3.96	0.98	0.15	0.12	0.135	9.01	0.91	20
6/25/2016 18:00	42546.75	15	3.57	0.6	0.02	0	0.01	9.87	0.62	20
6/26/2016 5:00	42547.21	15	3.44	0.71	0.1	0.09	0.095	10.94		19
6/26/2016 23:00	42547.96	15	3.91	0.38	0	0	0	9.3	0.9	19
6/27/2016 12:00	42548.50	17.5	2.81	0.35	0	0	0	9.83	1.05	20
6/27/2016 17:00	42548.71	14	2.99	0.3	0.02	0	0.01	9.64	1	20
6/27/2016 23:00	42548.96	14	3.33	0.77	0.1	0.2	0.15	8.54	1.09	20
6/28/2016 11:50	42549.49	14	3.1	0.85	0.36	0.35	0.355	8.63	0.85	19
6/28/2016 23:00	42549.96	14	3.19	0.43	0.02	0	0.01	10.24	1.1	20
6/29/2016 11:50	42550.49	15.5	3.63	0.41	0.01	0.05	0.03	11.93	0.7	19
6/29/2016 18:00	42550.75	14	3.22	0.55	0	0	0	11.24	0.54	20
6/30/2016 11:30	42551.48	16.5	2.93	0.51		0	0	9.81	0.98	19
6/30/2016 18:10	42551.76	15	3	0.35	0	0.02	0.01	10.34	1	20
6/30/2016 23:45	42551.99	15	3.14	0.53	0	0	0	10.84	1	20
7/1/2016 18:10	42552.76	15	2.83	0.61	0	0	0	10.38	1.05	20
7/1/2016 23:25	42552.98	16	38.7	0.96	0.1	0.16	0.13	13.01	1	19
7/2/2016 18:25	42553.77	15	4.79	0.18	0	0	0	18.96	0.15	20
7/3/2016 5:00	42554.21	16	3.21	0.61	0.09	0.13	0.11	10.26	0.86	19
7/3/2016 12:00	42554.50	15	3.17	0.79	0.17	0.21	0.19	10.94	1.1	20
7/3/2016 18:00	42554.75	17	3.38	0.31	0	0	0	12.01	1	20
7/3/2016 23:25	42554.98	17	3.91	0.28	0	0.01	0.005	9.36	0.89	20
7/4/2016 5:20	42555.22	18	3.21	0.53	0.1	0.12	0.11	10.16	1	
7/4/2016 17:00	42555.71	17	3.26	0.89	0.25	0.41	0.33	11.96	1	20
7/5/2016 6:00	42556.25	15	3.29	0.31	0	0	0	10.13	0.98	19
7/5/2016 12:00	42556.50	16.5	3.12	1	0.22	0.24	0.23	9.87	1.15	20
7/5/2016 17:55	42556.75	16	3.26	0.89	0.21	0.26	0.235	9.01	1	20
7/6/2016 6:00	42557.25	16	2.69	0.55	0	0	0	8.55	0.91	19
7/6/2016 12:00	42557.50	16	2.53	1	0.41	0.29	0.35	9.31	1.05	19
7/6/2016 18:00	42557.75	20	6.94	0.7	0.05	0.09	0.07	13.87	0.69	20
7/6/2016 23:00	42557.96	10.5	12.36	0.44	0.03	0.01	0.02	13.96	0.9	20
7/7/2016 12:00	42558.50	15	6.33	0.57	0.17	0.1	0.135	12.24	1.15	20
7/7/2016 23:10	42558.97	18	3.28	0.58	0.12	0.11	0.115	7.01	1	20
7/8/2016 12:30	42559.52	17.5	3.15	1.64	0.5	0.63	0.565	7.61	1	19
7/8/2016 17:40	42559.74	15	3.23	0.49	0.1	0.04	0.07	10.24	1.1	20
7/9/2016 6:22	42560.27	16	3.4	0.92	0.1	0.24	0.17	10.84	1.05	19
7/9/2016 12:10	42560.51	15	3.96	0.89	0	0	0	9.86	1	19
7/10/2016 5:00	42561.21	15	3.09	0.66	0	0.1	0.05	11.34		19
7/11/2016 12:20	42562.51	15	2.91	0.33	0	0	0	11.3	0.82	20
7/11/2016 18:50	42562.78	14	2.72	0.19	0	0	0	11.24	0.72	20
7/12/2016 12:20	42563.51	15	2.68	0.36	0	0.08	0.04	8.91	1	20
7/12/2016 17:40	42563.74	14	3.54	0.9	0.17	0.24	0.205	10.84	1	20
7/13/2016 11:50	42564.49	15	3.58	0.51	0	0	0	9.01	0.98	20
7/14/2016 5:00	42565.21	15	2.72	0.68	0.02	0.09	0.055	12.43		19
7/14/2016 13:07	42565.55	13	3.16	0.51	0	0	0	10.01	0.98	20
7/14/2016 23:00	42565.96	14	4.1	1	0.33	0.22	0.275	12.39	1	19
7/15/2016 12:00	42566.50	15	3.22	0.9	0.31	0.21	0.26	12.34	0.99	19
7/15/2016 18:15	42566.76	15	2.46	0.51	0	0	0	7.96	1.05	20
7/16/2016 5:40	42567.24	15	3	0.68	0	0	0	8.14	1.05	19
7/16/2016 12:46	42567.53	15	3.09	0.59	0.09	0.16	0.125	8.54	1.11	20
7/16/2016 18:39	42567.78	15	2.91	0.36	0	0	0	8.93	1	20
7/16/2016 23:00	42567.96	12	2.98	0.3	0	0	0	8.1	1.01	20
7/17/2016 11:30	42568.48	15	2.94	0.51	0.12	0.04	0.08	8.12	1.1	20
7/17/2016 18:30	42568.77	12	1.59	0.18	0	0	0	10.01	0.5	20
7/18/2016 5:00	42569.21	17	12.1	0.71	0.09	0.1	0.095	13.61	1	19
7/18/2016 12:00	42569.50	15	12.24	0.89	0.11	0.18	0.145	12.24	1	19
7/18/2016 18:50	42569.78	15	18.31	0.68	0.05	0.09	0.07	15.91	1	20
7/19/2016 6:10	42570.26	17	9.5	0.87	0.05	0.08	0.065	11.57	1	19
7/19/2016 13:00	42570.54	14	7.48	1.2	0.55	0.24	0.395	11.89	1.08	19
7/19/2016 18:20	42570.76	16	12.9	1	0.13	0.33	0.23	12.01	1	19
7/20/2016 6:00	42571.25	14	8.01	1.03	0.29	0.36	0.325	2.91	0.86	19
7/20/2016 11:00	42571.46	15	8.89	1.2	0.31	0.22	0.265	12.24	1.1	19
7/20/2016 18:20	42571.76	15	9.01	0.98	0.21	0.39	0.3	10.98	0.91	20
7/21/2016 6:50	42572.28	15	6.72	1.93	0.59	0.61	0.6	8.16	1	19
7/21/2016 12:00	42572.50	14	6.82	1	0.22	0.31	0.265	11.24	1.1	20
7/21/2016 18:40	42572.78	14	6	0.41	0	0	0	10.05	1.05	20
7/22/2016 0:21	42573.01	15	5.63	0.5	0.1	0.18	0.14	10.01	1	20
7/22/2016 6:43	42573.28	18	6.18	0.63	0.1	0.16	0.13	10.28	0.5	19
7/22/2016 18:15	42573.76	16	5.1	0.41	0	0	0	8.01		20
7/23/2016 6:40	42574.28	15	5	0.81	0.1	0.2	0.15	9.19		
7/24/2016 6:00	42575.25	15	4.54	0.54	0.11	0	0.055	10.84	1.03	19
7/24/2016 12:30	42575.52	15	3.76	0.29	0	0	0	9.18	1.05	20
7/25/2016 6:30	42576.27	15	3.17	0.74	0.17	0.119	0.1445	9.84	1	19
7/25/2016 12:00	42576.50	14	3.66	0.53	0	0	0	9.81	1.05	20
7/26/2016 5:00	42577.21	15	3.08	0.62	0.11	0.18	0.145	8.18	1	19
7/26/2016 11:35	42577.48	19	3.01	0.18	0	0	0	1.36	1.1	20
7/26/2016 18:30	42577.77	14	3	0.66	0.1	0.11	0.105	8.88	0.8	20
7/27/2016 11:30	42578.48	17	2.68	0.51	0	0	0	7.09	1.05	20
7/27/2016 18:00	42578.75	15	3.17	0.63	0	0	0	7.31	1	20
7/28/2016 11:50	42579.49	15	3.05	0.32	0	0	0	7.96	0.8	20
7/29/2016 5:00	42580.21	15	5.57	0.62	0.09	0.03	0.06	13.72	1	20
7/29/2016 17:20	42580.72	10	3.18	0.12	0	0	0	15.01	0.36	19
7/30/2016 6:15	42581.26	18	6.19	0.3	0	0	0	13.86	1.16	19
7/30/2016 12:00	42581.50	15	5.94	0.46	0.02	0	0.01	9.98	1.1	19
7/30/2016 17:00	42581.71	16	5.2	0.81	0.15	0.2	0.175	10.01	0.85	19
7/31/2016 12:33	42582.52	16	4.54	0.46	0	0	0	10.24	1.05	20
7/31/2016 18:50	42582.78	11	4.91	0.38	0	0	0	12.96		19
8/1/2016 11:00	42583.46	16	5.22	0.81	0.17	0.31	0.24	9.34	1.1	19
8/1/2016 18:15	42583.76	15	4.19	0.7	0.16	0.09	0.125	10.05	1	20
8/2/2016 5:00	42584.21	16	3.98	0.41	0	0	0	0.32	1	19
8/2/2016 13:20	42584.56	15	3.55	0.55	0	0	0	10.84	1.1	20
8/2/2016 18:00	42584.75	16	3.91	0.36	0	0	0	8.01	1.05	20
8/3/2016 6:00	42585.25	15	3.9	0.31	0	0	0	9.86	1	19
8/3/2016 12:00	42585.50	15	3.4	0.61	0.09	0.11	0.1	9.37	1.1	19
8/3/2016 18:20	42585.76	15	3.06	0.21	0	0	0	8.96		20
8/4/2016 11:40	42586.49	16.5	3.03	0.71	0.24	0.19	0.215	7.81	1.1	19
8/4/2016 18:50	42586.78	15	3.61	0.31	0	0	0	7.14	1.01	19
8/4/2016 23:20	42586.97	15	3.21	0.41	0	0	0	7.01	1.06	19
8/5/2016 12:10	42587.51	15	3.21	0.41	0	0	0	8.24	0.59	19
8/5/2016 18:00	42587.75	14	3.08	0.15	0	0	0	9.78	1	20
8/6/2016 11:50	42588.49	15	3.26	0.3	0	0	0	0.01	1	19
8/7/2016 5:00	42589.21	14	3.33	0.4	0	0	0	9.82	1.08	19
8/7/2016 23:00	42589.96	13	2.9	0.33	0		0	7.24	0	20
8/8/2016 5:00	42590.21	13	2.72	0.6	0		0	7.89	0	19
8/8/2016 12:00	42590.50	11.5	2.56	0.28	0		0	7.14	1.01	20
8/8/2016 17:40	42590.74	12	2.72	0.3	0		0	6.22	1	21
8/9/2016 5:59	42591.25	12	2.72	0.29	0		0	7	0.84	20
8/9/2016 11:20	42591.47	12.5	2.86	0.45	0.03		0.03	6.58	1.05	21
8/9/2016 23:00	42591.96	12	2.54	0.33	0	0	0	7.22	1	21
8/10/2016 12:15	42592.51	9	3.91	0.22	0		0	9.1	1.05	21
8/10/2016 18:10	42592.76	15	5.36	0.88	0.27	0.3	0.285	11.24	0.99	21
8/11/2016 6:22	42593.27	15	5.24	1.57	0.75	0.82	0.785	13.24	1.08	20
8/11/2016 11:40	42593.49	20	5.28	0.7	0.01	0.03	0.02	9.86	1.05	21
8/12/2016 5:00	42594.21	15	5.09	0.99	0.3	0.22	0.26	8.89	1.08	20
8/12/2016 18:20	42594.76	15	4.96	0.91	0.18	0.2	0.19	8.91	1.05	21
8/13/2016 6:20	42595.26	17	4.98	0.39	0	0	0	8.76	1.05	20
8/13/2016 6:50	42595.28	17	4.9	0.99	0.3	0.22	0.26	12.87		21
8/13/2016 18:15	42595.76	17	9.1	0.7	0.09		0.09	11.36	1.01	20
8/14/2016 13:00	42596.54	15	7.94	0.71	0		0	9.86	1.1	20
8/14/2016 18:28	42596.77	15	25.81	1.01	0.91		0.91	15.23		19
8/15/2016 6:20	42597.26	17	21.1	10.05	0.2	0.27	0.235	15.83		19
8/15/2016 11:00	42597.46	15	19.12	0.99	0.3	0.24	0.27	15.24	1.09	19
8/15/2016 18:00	42597.75	15	12.61	0.45	0.05	0.03	0.04	15.96	0.13	19
8/16/2016 5:30	42598.23	17	15.86	0.41	0.1	0.08	0.09	15.01		19
8/16/2016 12:00	42598.50	19	10.24	0.9	0.33	0.22	0.275	11.72	0.99	20
8/16/2016 18:00	42598.75	17	6.91	0.8	0.18	0.1	0.14	9.36	1	20
8/17/2016 6:25	42599.27	15	5.91	0.3	0.05	0.1	0.075	10.9	0.9	19
8/17/2016 12:00	42599.50	15	5.22	0.49	0	0	0	10.24	1.08	19
8/18/2016 0:40	42600.03	17	4.9	0.4	0.05	0	0.025	8.36	0.98	19
8/18/2016 6:00	42600.25	16	4.29	0.61	0.15	0.21	0.18	9.03	1	19
8/18/2016 12:00	42600.50	15	4.69	0.8	0.29	0.2	0.245	9.92	1.05	20
8/18/2016 18:10	42600.76	16.5	4.46	0.67	0.08	0.05	0.065	9.36		19
8/19/2016 5:00	42601.21	14	2.36	0.2	0	0	0	11.36	1.01	18
8/19/2016 5:00	42601.21	17	4.16	0.58	0.09	0.1	0.095	10.01		19
8/19/2016 12:50	42601.53	16.5	4.66	0.98	0.5	0.42	0.46	11.01	0.9	20
8/19/2016 23:00	42601.96	15	4.19	0.8	0.17	0.11	0.14	10.25	1.1	20
8/20/2016 11:40	42602.49	17	3.98	0.36	0	0	0	9.01	1.05	20
8/20/2016 18:00	42602.75	15	3.72	0.77	0.11	0.22	0.165	9.97	1.05	20
8/21/2016 6:00	42603.25	16	3.86	0.51	0.08	0.12	0.1	15.36	1.05	19
8/21/2016 22:00	42603.92	14	8.78	1.22	0.17	0.24	0.205	13.73	1.1	20
8/22/2016 11:30	42604.48	16	5.21	0.8	0.08	0.01	0.045	8.38	1	19
8/22/2016 23:00	42604.96	15	4	0.9	0.17	0.33	0.25	11.84	1.1	19
8/23/2016 11:40	42605.49	15	3.02	0.9	0.05	0.09	0.07	11.01	0.96	19
8/23/2016 18:00	42605.75	14	3.09	0.59	0	0	0	11.24	1.02	20
8/24/2016 11:40	42606.49	17	3.22	0.48	0	0	0	10.96	1	19
8/25/2016 11:00	42607.46	16	3.01	0.8	0	0	0	9.3	1.05	19
8/25/2016 18:00	42607.75	15	2.9	0.99	0.19	0.24	0.215	10.84	0.9	19
8/25/2016 18:10	42607.76	15.5	2.9	0.3	0	0	0	9.32	0.9	20
8/26/2016 17:00	42608.71	16	6.2	0	0		0	0.1		19
8/27/2016 11:45	42609.49	15	3.86	0.77	0.17	0.11	0.14	11.24	0.99	20
8/27/2016 18:00	42609.75	16	3.7	0.43	0	0	0	9.1	1	20
8/28/2016 11:00	42610.46	16.5	5	0.62	0.17	0.1	0.135	9.78	1.09	19
8/29/2016 11:40	42611.49	15	19.24	1.09	0.32	0.51	0.415	13.24	1.09	20
8/29/2016 17:40	42611.74	16	18.1	0.89	0.16	0.1	0.13	13.7	1.01	20
8/30/2016 5:30	42612.23	15	12.2	1.16	0.38	0	0.19	5.1	1	19
8/30/2016 12:00	42612.50	15	12.89	1.13	0.75	0	0.375	11.24	0.9	20
8/30/2016 15:09	42612.63	17.5	11.22	0.9	0.31	0.24	0.275	11.84	1.09	20
8/30/2016 21:10	42612.88	17	38.02	0.81	0	0.1	0.05	10.3	1	19
8/31/2016 4:00	42613.17	18	30.1	0.7	0.08	0.13	0.105	12.01	1.05	18
9/1/2016 4:50	42614.20	18.5	28.76	0.98	0.36	0.21	0.285	15.31	1	19
9/1/2016 11:00	42614.46	15	15.09	0.81	0.09	0.22	0.155	13.07	1.1	20
9/1/2016 18:25	42614.77	15	15.91	0.98	0.1	0.09	0.095	12.16	1.05	19
9/2/2016 4:30	42615.19	17	17.21	0.9	0.06	0.16	0.11	11.01	1	19
9/2/2016 14:20	42615.60	15	12.91	0.39	0	0	0	13.01	0.82	20
9/2/2016 22:20	42615.93	15	12.24	0.91	0.29	0.27	0.28	13.24	1.1	20
9/3/2016 4:45	42616.20	15	11.87	0.99	0.21	0.15	0.18	13.33	1.1	19
9/3/2016 11:35	42616.48	15	9.48	0.89	0.31	0.25	0.28	10.01	1.1	19
9/3/2016 21:00	42616.88	15	9.98	0.6	0	0	0	12.24	1.09	20
9/4/2016 5:00	42617.21	15	10.22	0.71	0.24	0.31	0.275	11.22	1	20
9/4/2016 11:20	42617.47	15	8.5	0.5	0	0	0	9.01	1.05	20
9/4/2016 17:00	42617.71	14	7.87	0.99	0.32	0.3	0.31	10.84		20
9/5/2016 11:30	42618.48	15	15.13	0.58	0.16	0.18	0.17	9.2	1	19
9/5/2016 13:10	42618.55	15	11.21	1.05	0.28	0.42	0.35	8.96	0.51	19
9/5/2016 21:00	42618.88	15	17.22	1.11	0.75	0.24	0.495	13.87	1.1	19
9/6/2016 4:00	42619.17	15	71.24	7.57	2.75	2.63	2.69	16.24	1.1	19
9/6/2016 4:40	42619.19	15	11.24	0.9	0.3	0.24	0.27	13.27	1.1	19
9/6/2016 13:00	42619.54	15	10.81	0.8	0	0	0	9.36	1.01	19
9/7/2016 5:40	42620.24	15.5	11.57	4.71	1.57	1.4	1.485	15.27	1.1	19
9/7/2016 13:33	42620.56	17	9.81	1.05	0.1	0.16	0.13	9.38	0.9	20
9/7/2016 22:20	42620.93	15	8.17	0.57	0	0.09	0.045	10.94	1.1	20
9/8/2016 13:10	42621.55	16	7.16	0.46	0.09	0.11	0.1	10.16	1	20
9/8/2016 21:45	42621.91	15	6.33	0.87	0.17	0.3	0.235	11.24	1.1	20
9/9/2016 4:40	42622.19	15	5.77	0.91	0.33	0.2	0.265	11.94	1.05	19
9/9/2016 12:20	42622.51	16	5.24	1.17	0.57	0.59	0.58	11.24	1	19
9/9/2016 21:19	42622.89	15	8.86	0.42	0	0	0	9.81	1.05	19
9/10/2016 13:00	42623.54	14	5.89	1.28	0.46	0.52	0.49	11.87	1.08	19
9/10/2016 22:35	42623.94	16	6.91	0.53	0	0	0	7.9	1	19
9/11/2016 4:00	42624.17	17	6.01	0.41	0	0	0	7.01	1.01	19
9/11/2016 12:00	42624.50	16	5.69	0.9	0.3	0.19	0.245	9.87	1	19
9/12/2016 4:30	42625.19	17	6	0.4	0	0	0	9.71	1	19
9/12/2016 13:20	42625.56	16	4.24	0.93	0.27	0.16	0.215	9.38	1.11	19
9/12/2016 22:43	42625.95	16	11.36	0.66	0.09	0.1	0.095	11.01	1	19
9/13/2016 4:20	42626.18	18	8.7	0.83	0.13	0.2	0.165	10.23	1	19
9/13/2016 12:00	42626.50	15	10.49	0.71	0.33	0.19	0.26	11.31	1.09	19
9/13/2016 16:30	42626.69	17	110.01	1.01	0.15	0.21	0.18	18.1	1	19
9/14/2016 13:00	42627.54	9	2.24	0.34	0	0	0	6.53	1.2	20
9/14/2016 16:00	42627.67	15	31.42	2.01	0.76	0.81	0.785	13.01	1	20
9/14/2016 22:50	42627.95	17	32.1	0.9	0.15	0.21	0.18	11.03		14
9/15/2016 4:40	42628.19	17	25.7	1.58	0.36	0.4	0.38	11.91		19
9/15/2016 11:30	42628.48	15	22.71	1.74	0.75	0.57	0.66	13.72	1.15	19
9/16/2016 5:50	42629.24	16	19.16	0.93	0.19	0.25	0.22	10.2	1.05	19
9/16/2016 12:40	42629.53	15	15.91	1.49	0.58	0.81	0.695	12.36		20
9/16/2016 22:00	42629.92	15	15.24	0.81	0.09	0.22	0.155	10.94	1.1	20
9/17/2016 4:50	42630.20	15	13.94	0.9	0.22	0.17	0.195	10.91	1	19
9/17/2016 11:10	42630.47	19	11.98	0.75	0.05	0.08	0.065	10.9	1	20
9/17/2016 21:45	42630.91	15	9.79	0.72	0.34	0.2	0.27	10.22	1.1	20
9/18/2016 6:00	42631.25	15	11.94	0.82	0.2	0.19	0.195	8.87	1.09	19
9/18/2016 11:25	42631.48	16	11.53	0.8	0.01	0.05	0.03	11.36	1	20
9/18/2016 22:00	42631.92	15	9.72	0.59	0	0.17	0.085	9.53	1.08	19
9/19/2016 4:50	42632.20	16	8.1	0.77	0.17	0.2	0.185	9.53	1.08	19
9/19/2016 11:25	42632.48	17	8.04	0.62	0.06	0.09	0.075	9.01	1.01	20
9/19/2016 22:00	42632.92	15	8.87	0.9	0.19	0.24	0.215	11.34	1.15	20
9/20/2016 5:00	42633.21	15	7.3	0.61	0	0	0	11.2	1.15	19
9/20/2016 13:50	42633.58	16	7.16	0.43	0	0	0	10.86	1	20
9/20/2016 22:00	42633.92	16	6.72	1.1	0.35	0.52	0.435	12.34	1.1	20
9/21/2016 15:20	42634.64	16	7.93	0.68	0	0	0	9.01	1.05	20
9/21/2016 18:00	42634.75	16	27.9	0.99	0.3	0.22	0.26	8.27	1	20
9/22/2016 5:30	42635.23	15	40	0.9	0.33	0.2	0.265	12.34	1.08	19
9/22/2016 13:20	42635.56	17	21.96	0.86	0.13	0.09	0.11	10.38	1	20
9/22/2016 17:20	42635.72	16	19.24	1.53	0.33	0.3	0.315	12.87	1	20
9/23/2016 6:00	42636.25	16	23.74	1	0.57	0.66	0.615	13.72	1	19
9/23/2016 18:35	42636.77	16.5	45.13	1.2	0.25	0.31	0.28	12.91	0.61	19
9/23/2016 23:45	42636.99	16	14.05	1.48	0.57	0.58	0.575	15.85	1.09	19
9/24/2016 13:00	42637.54	16.5	12.89	1.33	0.59	0.53	0.56	2.24	1.15	
9/24/2016 15:40	42637.65	16.5	11.87	1.22	0.5	0.37	0.435	11.29	1.1	19
9/24/2016 21:50	42637.91	17	10.96	0.56	0.08	0.1	0.09	10.96	1.06	19
9/25/2016 5:00	42638.21	16.5	10.01	0.36	0	0	0	8.11	0.89	19
9/25/2016 11:44	42638.49	16.5	10.05	1	0.2	0.09	0.145	9.39	1.1	19
9/25/2016 22:00	42638.92	16.5	8.1	0.3	0	0	0	8.91	1.1	19
9/26/2016 12:00	42639.50	16.5	7.87	0.79	0.2	0.15	0.175	9.38	1.09	20
9/26/2016 17:40	42639.74	16.5	8.36	0.38	0	0	0	9.1	0.9	19
9/26/2016 23:20	42639.97	16.5	7.36	0.41	0	0	0	9.91	1	19
9/27/2016 4:30	42640.19	16.5	8.1	0.63	0.1	0.63	0.365	10.1		19
9/27/2016 13:20	42640.56	16.5	7.22	0.6	0.09	0.12	0.105	9.36	1.06	20
9/27/2016 18:40	42640.78	16	7.21	0.43	0	0	0	10.3	1	20
9/28/2016 12:00	42641.50	16	6.17	0.64	0	0.11	0.055	9.71	1.08	19
9/28/2016 17:00	42641.71	15.5	7	0.53	0	0	0	10.91	1	19
9/28/2016 18:40	42641.78	16	6.21	0.43	0	0	0	1.96	1	19
9/29/2016 5:35	42642.23	16.5	7.76	0.56	0	0	0	9.1	1	19
9/29/2016 13:30	42642.56	16.5	6.17	0.71	0.09	0.11	0.1	9.24	1	19
9/29/2016 23:50	42642.99	16	10.96	0.56	0.15	0.1	0.125	10.01	1	19
9/30/2016 5:45	42643.24	16.5	7.1	0.68	0.08	0.05	0.065	10.01	1	19
9/30/2016 12:10	42643.51	16	6.91	0.86	0.18	0.23	0.205	10.98	1.1	20
9/30/2016 22:00	42643.92	16	9.72	0.81	0.17	0.22	0.195	9.71	1	20
10/1/2016 5:00	42644.21	16.5	6.22	0.6	0	0.07	0.035	10.36	1	19
10/1/2016 22:00	42644.92	16	5.99	0.71	0.15	0.04	0.095	9.54	1.05	19
10/2/2016 5:00	42645.21	16	5.72	0.81	0.24	0.16	0.2	9.36	1	19
10/2/2016 21:45	42645.91	16	5.18	0.71	0.17	0.11	0.14	9.69	1	20
10/3/2016 5:00	42646.21	16	5.09	0.69	0.19	0.2	0.195	9.82	1.02	19
10/3/2016 21:45	42646.91	16	5.1	0.65	0	0	0	9.98	1.09	20
10/4/2016 5:45	42647.24	16	4.89	0.68	0	0	0	10.86	1	19
10/4/2016 13:00	42647.54	15.5	4.2	0.36	0	0	0	9.86	1.1	20
10/4/2016 22:00	42647.92	16	5.08	0.77	0.11	0.17	0.14	9.72	1.09	19
10/5/2016 4:45	42648.20	16	4.9	0	0	0	0	10.24	0	19
10/5/2016 11:20	42648.47	16	4.18	0.36	0	0	0	9.01	1	20
10/5/2016 18:00	42648.75	16	4.1	0.6	0	0	0	10.7	1.05	20
10/6/2016 5:00	42649.21	16	4.09	0.71	0.22	0.19	0.205	9.34	1.05	19
10/6/2016 22:29	42649.94	16	4.57	0.69	0.17	0.11	0.14	9.78	1	20
10/7/2016 11:00	42650.46	16.5	4.24	0	0	0	0	9.39	0.99	19
10/7/2016 18:10	42650.76	16	65.18	1.01	0.28	0.36	0.32	5.42	1	19
10/8/2016 4:45	42651.20	15	79.16	2.51	0.76	0.81	0.785	16.72	0.9	1
10/8/2016 10:00	42651.42	13	17.34	2.14	0.38	0.18	0.28	10.81	1	
10/8/2016 13:30	42651.56	15.5	16.89	0.9	0.31	0.44	0.375	14.89	1.09	19
10/9/2016 0:45	42652.03	16	13.77	1.23	0.71	0.5	0.605	10.63	1	19
10/9/2016 5:30	42652.23	13	17.45	1	0	0.5	0.25	10.81	1	
10/9/2016 9:00	42652.38	16	11.01	0.61	0	0	0	10.67	1	
10/10/2016 13:00	42653.54	16	11.84	1.2	0.52	0.59	0.555	11.34	1	19
10/10/2016 18:30	42653.77	16	11.39	0.76	0.1	0.26	0.18	10.01	0.9	20
10/11/2016 4:40	42654.19	16	12.1	0.61	0.05	0.09	0.07	10.21	1	19
10/11/2016 11:00	42654.46	16	9.89	1.42	0.52	0.4	0.46	11.74	1.05	19
10/11/2016 21:10	42654.88	15.5	8.96	0.4	0	0	0	9.81	1.05	20
10/12/2016 11:00	42655.46	16	7	0.77	0.24	0.17	0.205	9.86	1	19
10/12/2016 18:00	42655.75	15.5	6.21	0.5	0.05	0.06	0.055	11.91	0.96	20
10/12/2016 20:58	42655.87	15.3	6.01	0.61	0.13	0.19	0.16	8.36	1.05	20
10/13/2016 4:40	42656.19	16	6.23	0.03	0	0	0	9.01	1	18
10/13/2016 12:00	42656.50	16	6.2	1.05	0.5	0.38	0.44	8.99	1	19
10/13/2016 18:25	42656.77	16	6.04	1.28	0.96	0.81	0.885	8.32	0.99	19
10/14/2016 10:45	42657.45	16	5.09	0.79	0.1	0.04	0.07	9.77	1.1	19
10/14/2016 18:40	42657.78	16.5	5.17	0.79	0	0	0	9.97	1	20
10/15/2016 5:00	42658.21	16	5.04	0.9	0.3	0.1	0.2	9.95	1	19
10/15/2016 18:20	42658.76	16	5.09	0.61	0	0	0	9.17	0.9	19
10/16/2016 5:40	42659.24	16	5.03	0.7	0	0.11	0.055	9.45	1	19
10/16/2016 13:35	42659.57	16	4.21	0.3	0	0	0	8.19	1.05	19
10/16/2016 22:40	42659.94	16	4.57	0.8	0	0	0	9.78	1	19
10/17/2016 4:50	42660.20	16	15.87	0.9	0.3	0.21	0.255	11	1.05	19
10/17/2016 18:00	42660.75	16	11.72	0.99	0.26	0.17	0.215	15.26	1.08	19
10/17/2016 21:30	42660.90	16	7.24	0.9	0.19	0.2	0.195	14.17	1	19
10/18/2016 5:00	42661.21	16	7.34	0.6	0	0	0	15.94	1.03	18
10/18/2016 21:00	42661.88	16	6.23	0.9	0.3	0.24	0.27	9.36	1.08	20
10/19/2016 0:20	42662.01	16	6.09	0.67	0.01	0.09	0.05	9.27	1	20
10/19/2016 12:00	42662.50	15	9.36	0.51	0	0	0	9.01	1.05	19
10/19/2016 21:30	42662.90	14	9.79	0.98	0.22	0.11	0.165	10.74	1	19
10/20/2016 5:00	42663.21	12	25.72	1.09	0.33		0.33	10.84	0	19
10/20/2016 12:00	42663.50	16	15.12	1.96	0.59	0.76	0.675	3.91	1	19
10/20/2016 18:00	42663.75	16	11.24	0.86	0.2	0.11	0.155	4.24	1	19
10/21/2016 5:00	42664.21	16	9.92	0.9	0.2	0.19	0.195	14.17	1	19
10/21/2016 12:00	42664.50	9	8.51	1.52	0.33	0.71	0.52	9.56		19
10/21/2016 22:00	42664.92	17	10.39	0.99	0.1	0.16	0.13	9.01	1	19
10/22/2016 6:00	42665.25	17	9.49	0.75	0.11	0.15	0.13	9.89	1	19
10/22/2016 11:00	42665.46	17	8.22	2	1	0.99	0.995	11.24	1.1	20
10/22/2016 18:35	42665.77	15.5	7.96	0.91	0.09	0.05	0.07	10.36	1.05	20
10/23/2016 5:40	42666.24	17	7.91	0.66	0	0	0	10.16	1	18
10/23/2016 12:00	42666.50	13	6.27	0.6	0	0	0	9.79	0.9	19
10/23/2016 22:00	42666.92	17	6.41	0.31	0	0	0	9.01	0.8	19
10/24/2016 0:35	42667.02	17	7.21	0.56	0.05	0.06	0.055	9.81	1	18
10/24/2016 12:00	42667.50	17	6.17	0.8	0.33	0.2	0.265	9.33	1.1	19
10/24/2016 18:20	42667.76	17	4.35	0.25	0	0	0	10.38	1.05	19
10/25/2016 5:40	42668.24	17	4.76	0.5	0.01	0.03	0.02	9.1	1	18
10/25/2016 12:00	42668.50	16	5.37	0.4	0.04	0	0.02	8.97	1	19
10/25/2016 18:30	42668.77	17	5.16	0.58	0.12	0.19	0.155	9.81		19
10/26/2016 5:25	42669.23	16	4.5	0.5	0.15	0.21	0.18	8.09	0.91	18
10/26/2016 12:00	42669.50	10	4.16	0.56	0.1	1.16	0.63	7.01	0.86	18
10/26/2016 18:25	42669.77	17	4.29	0.59	0	0	0	7.21	0.86	18
10/27/2016 5:40	42670.24	17	4.36	0.28	0	0.07	0.035	7.96	0.71	18
10/27/2016 13:00	42670.54	17	4.09	0.9	0.21	0.04	0.125	8.9	1	18
10/27/2016 18:15	42670.76	16.5	5.03	0.39	0	0	0	9.01	0.21	18
10/28/2016 5:00	42671.21	16	3.89	0.71	0.2	0.19	0.195	10.24	1	18
10/28/2016 6:00	42671.25	16.5	4.08	0.61	0.12	0.18	0.15	9.83	1	18
10/28/2016 12:10	42671.51	16.5	4.25	0.97	0.36	0.41	0.385	9.82	1.1	19
10/29/2016 12:40	42672.53	16	3.48	0.28	0	0	0	9	1	19
10/29/2016 13:00	42672.54	16	3.82	0.64	0.1	0	0.05	8.32		19
10/29/2016 23:00	42672.96	16	3.57	0.7	0.17	0.24	0.205	9.54	1	19
10/30/2016 5:00	42673.21	17	3.94	0.9	0.3	0.2	0.25	9.71	1.05	18
10/30/2016 13:00	42673.54	16	3.86	0.58	0	0	0	8.7	1	19
10/30/2016 22:20	42673.93	17	3.52	0.8	0.11	0.04	0.075	9.36	1	19
10/31/2016 11:30	42674.48	16	3.66	0.63	0	0	0	9.01	1	18
10/31/2016 15:10	42674.63	16	3.96	0.68	0	0	0	9.21	0.9	18
10/31/2016 22:00	42674.92	17	3.71	0.7	0.09	0.04	0.065	10.24	1	18
11/1/2016 4:40	42675.19	17	3.81	0.87	0.1	0.09	0.095	10.27	1.03	18
11/1/2016 13:00	42675.54	18	3.83	0.69	0.18	0.21	0.195	9.1	1	19
11/1/2016 22:00	42675.92	15	3.94	0.84	0.17	0.22	0.195	11.84	1.09	18
11/2/2016 4:40	42676.19	14	4	0.77	0.15	0.09	0.12	12.77	1	18
11/2/2016 13:15	42676.55	15	3.93	0.42	0	0	0	11.35	1	19
11/2/2016 23:45	42676.99	14	3.72	0.6	0.09	0	0.045	8.98	1.03	19
11/3/2016 4:40	42677.19	13.5	3.69	0.81	0.1	0.22	0.16	8.98	1	18
11/3/2016 11:25	42677.48	14	4.02	0.46	0	0	0	9.81	1	18
11/3/2016 21:40	42677.90	13.3	3.44	0.77	0.11	0.17	0.14	10.24	1	18
11/4/2016 5:30	42678.23	10	3.72	0.71	0	0	0	11.24	1	
11/4/2016 18:35	42678.77	14	3.81	0.46	0	0	0	10.31	1	19
11/5/2016 4:00	42679.17	13	5.8	2.1	1.05	1.21	1.13	13.16		18
11/5/2016 12:49	42679.53	12	3.72	0.11	0.09		0.09	11.24	1.05	19
11/5/2016 23:35	42679.98	17	4.36	0.31	0	0	0	7.3	1.05	19
11/6/2016 4:00	42680.17	18	3.86	0.29	0	0.08	0.04	8.98	0.89	
11/6/2016 12:00	42680.50	19	3.99	0	0.17	0.1	0.135	8.89	0.99	19
11/6/2016 22:10	42680.92	17	4.29	0.59	0	0	0	10.21	1	18
11/7/2016 4:00	42681.17	18	4.18	0.36	0	0	0	9.86	1.05	18
11/7/2016 12:30	42681.52	17	3.83	0.81	0.1	0.11	0.105	8.78	1.05	18
11/7/2016 22:15	42681.93	18	3.91	0.61	0.1	0.08	0.09	9.01	1	18
11/8/2016 4:00	42682.17	18	3.01	0.36	0	0	0	10.36	1	18
11/8/2016 13:30	42682.56	16	3.17	0.6	0.1	0.04	0.07	8.07	1.03	18
11/8/2016 23:40	42682.99	16.5	3.33	0.41	0	0	0	8.36	1	18
11/9/2016 7:30	42683.31	16	3.09	0.52	0	0	0	9.17		18
11/9/2016 13:00	42683.54	16.5	3.19	0.59	0.09	0.11	0.1	8.32	1.1	18
11/9/2016 18:30	42683.77	16.5	3.18	0.86	0.05	0.09	0.07	8.01	1	18
11/10/2016 0:21	42684.01	16.5	3.96	0.89	0.21	0.36	0.285	10.3	1	18
11/10/2016 12:00	42684.50	16.5	3.12	0.53	0.09	0	0.045	8.38	1.09	18
11/10/2016 18:10	42684.76	16.5	3.26	0.43	0	0	0	8.96	1.1	19
11/11/2016 5:25	42685.23	16.5	3.5	0.51	0	0	0	8.91	1	18
11/11/2016 12:30	42685.52	16.5	3.21	0.7	0.1	0.09	0.095	8.21	1	19
11/11/2016 18:35	42685.77	16	3.77	1.15	0.32	0.2	0.26	8.12	0.81	19
11/12/2016 6:00	42686.25	16.5	3.97	0.6	0	0	0	9.37	1.03	18
11/12/2016 13:15	42686.55	14	3.21	0.38	0	0	0	8.36	1	19
11/12/2016 18:00	42686.75	16	3.22	0.98	0.8	0.19	0.495	9.12	1	19
11/13/2016 5:00	42687.21	16	3.57	0.5	0	0	0	9.72	1.03	18
11/13/2016 12:00	42687.50	16	3.26	0.43	0	0	0	8.01	1	19
11/13/2016 18:00	42687.75	16.5	3.09	0.6	0	0	0	7.84	1	19
11/14/2016 2:30	42688.10	16.5	3.1	0.52	0	0	0	6.89	1	19
11/14/2016 13:25	42688.56	16.5	3.1	0.43	0	0	0	8.01	1	19
11/14/2016 23:30	42688.98	16.5	3.13	0.57	0	0	0	9.37	1.1	19
11/15/2016 4:30	42689.19	16	3.09	0.5	0	0	0	9.78	1.1	19
11/15/2016 13:25	42689.56	16	3.21	0.42	0	0	0	1.08	1	20
11/15/2016 21:45	42689.91	14	3.03	0.77	0.11	0.09	0.1	10.27	1.03	20
11/16/2016 1:00	42690.04	14	3	0.61	0	0	0	9.87	1.07	19
11/16/2016 12:00	42690.50	13	3.91	0.28	0	0	0	9.3	0.9	19
11/16/2016 23:30	42690.98	13	4	1	0.33	0.29	0.31	10.24	1.09	19
11/17/2016 2:45	42691.11	13	3.73	0.9	0.29	0.33	0.31	10.29	1	19
11/17/2016 11:40	42691.49	12.5	3.16	0.41	0	0	0	7.21	1	19
11/17/2016 18:00	42691.75	11	2.9	0.42	0	0	0	9.55	0.9	18
11/18/2016 1:49	42692.08	11	3.1	0.77	0.22	0.1	0.16	11.24	0.98	18
11/18/2016 12:40	42692.53	10	3.13	0.6	0	0	0	10.24	1.1	18
11/19/2016 5:00	42693.21	14	3.21	0.47	0	0	0	9.76	1	18
11/19/2016 12:00	42693.50	13	4.12	0.6	0	0	0	9.37	0.99	18
11/19/2016 23:00	42693.96	13	5.16	0.49	0	0	0	10.05	1	17
11/20/2016 4:00	42694.17	15	6.42	0.51	0	0	0	12.36	1	17
11/20/2016 12:00	42694.50	13	10.84	0.9	0.33	0.2	0.265	13.83	1	17
11/20/2016 18:45	42694.78	14	10.86	1	0.19	0.25	0.22	13.05	1	17
11/21/2016 3:25	42695.14	14	11.3	0.41	0	0	0	11.95	1	16
11/21/2016 10:05	42695.42	13	9.36	0.4	0	0	0	12.01	1	17
11/21/2016 12:20	42695.51	14.2	7.87	1.1	0.33	0.52	0.425	12.08	1	17
11/22/2016 4:10	42696.17	14	8.01	0.53	0	0	0	12.01	1	16
11/22/2016 12:00	42696.50	13	6.01	0.46	0	0	0	12.16	1	16
11/22/2016 13:00	42696.54	13.5	7.57	0.69	0	0	0	12.87	1	17
11/23/2016 5:00	42697.21	14.5	6.26	0.68	0	0	0	13.01	1.1	16
11/23/2016 12:15	42697.51	17	4.89	0.5	0	0	0	11.24	1.05	16
11/23/2016 18:25	42697.77	15	4.1	0.81	0	0	0	12.01	1.05	17
11/24/2016 6:00	42698.25	17	4.9	0.36	0	0	0	8.9	1	17
11/24/2016 13:40	42698.57	16	4.09	0.71	0.11	0.09	0.1	9	1.1	17
11/24/2016 23:00	42698.96	16	4.86	0.76	0.1	0.21	0.155	10.8	1	17
11/25/2016 5:30	42699.23	12	4.91	0.81	0.36	0.38	0.37	10.93	1.05	17
11/25/2016 12:55	42699.54	15	8.59	0.4	0	0	0	13.93	1	17
11/25/2016 23:40	42699.99	14.5	7.8	0.9	0.2	0.19	0.195	13.12	1.03	17
11/26/2016 0:00	42700.00	14	7.81	0.9	0.71	0.3	0.505	10.96	1	17
11/26/2016 5:00	42700.21	14	7.2	0.99	0.33	0.2	0.265	13.71	1	17
11/26/2016 22:35	42700.94	14	11	0.9	0.17	0.37	0.27	13.22	1.05	17
11/27/2016 5:00	42701.21	13	13.38	1.1	0.33		0.33	12.89	1.05	17
11/27/2016 13:00	42701.54	15	11.56	0.5	0	0	0	8.1	1	17
11/27/2016 22:45	42701.95	14	11.77	1.54	0.57	0.71	0.64	13.17	1.1	17
11/28/2016 6:00	42702.25	14.5	9.17	0.89	0	0	0	12.89	1	17
11/28/2016 11:30	42702.48	15	8.33	1.72	0.42	0.47	0.445	12.36	1	0
11/29/2016 0:30	42703.02	15	8.12	1.4	0.57	0.66	0.615	14.71	1.1	17
11/29/2016 12:25	42703.52	14	7.16	0.69	0.1	0.16	0.13	12.36	1	18
11/29/2016 22:30	42703.94	14	7.2	1.1	0.33	0.22	0.275	11.74	1.1	18
11/30/2016 5:00	42704.21	14	7.17	1.09	0.75	0.32	0.535	11.84	1	
11/30/2016 13:10	42704.55	17	7.21	0.53	0.01	0.03	0.02	8.3	1	18
11/30/2016 22:00	42704.92	16.5	5.89	1	0.3	0.09	0.195	9	1	18
12/1/2016 5:00	42705.21	16	5.78	0.9	0.2	0.15	0.175	8.92	1.03	18
12/1/2016 13:18	42705.55	16	5.16	0.33	0	0	0	8.68	1	18
12/1/2016 23:00	42705.96	16	4.69	0.6	0	0	0	10.12	1.05	18
12/2/2016 5:00	42706.21	15	4.59	0.7	0.19	0.1	0.145	10.12	1.02	18
12/2/2016 6:35	42706.27	17	4.01	0.86	0.45	0.08	0.265	10.36	1	19
12/2/2016 12:39	42706.53	17	4.8	0.71	0.11	0.15	0.13	10.84	0.95	18
12/3/2016 6:00	42707.25	18	6.96	0.63	0	0	0	13.86	1	18
12/3/2016 12:40	42707.53	16	6.54	1	0.22	0.19	0.205	11.84	1.08	18
12/3/2016 23:25	42707.98	16	4.21	0.3	0	0	0	8.16	1	18
12/4/2016 5:20	42708.22	17.5	4.36	0.28	0	0	0	8.21	1	18
12/4/2016 19:30	42708.81	18	10.02	1.84	0.67	0.08	0.375	8.21	1	
12/4/2016 23:20	42708.97	17.5	5.05	0.28	0.4	0.33	0.365	8.21	1	18
12/5/2016 9:00	42709.38	15	27.72	3.94	1.17	0.99	1.08	13.24	1	19
12/5/2016 12:00	42709.50	16	15.1	0.42	0	0	0	13.16	1	18
12/5/2016 12:00	42709.50	15	24.27	1.1	0.33	0.3	0.315	13.24	1	19
12/6/2016 5:50	42710.24	17	12.16	0.51	0	0	0		1.1	18
12/6/2016 12:00	42710.50	17	10.09	0.82	0.1	0.15	0.125	13.21	1.07	19
12/7/2016 5:50	42711.24	15	7.01	0.41	0	0	0	8.26	1	18
12/7/2016 12:00	42711.50	15	7.2	0.67	0	0	0	9	1.05	18
12/7/2016 18:55	42711.79	15	6.03	0.7	0	0.08	0.04	9.96	0.86	18
12/8/2016 5:50	42712.24	16	5.28	0.66	0	0	0	9.66	1	18
12/8/2016 13:00	42712.54	16	6.43	0.99	0.33	0.21	0.27	9.3	1	18
12/8/2016 18:25	42712.77	15.5	5.36	0.91	0.36	0.28	0.32	9.36	1	18
12/9/2016 5:40	42713.24		4.86	0.36	0	0	0	9.81	1	18
12/9/2016 13:30	42713.56	19	4.86	0.63	0.2	0.16	0.18	9.01	1	19
12/9/2016 22:00	42713.92	15	5	0.6	0	0	0	9.22	1	18
12/10/2016 5:00	42714.21	15	4.2	0.71	0.13	0.1	0.115	9.71	1.03	18
12/10/2016 13:00	42714.54	16	4.05	0.46	0	0	0	9.36	1	18
12/10/2016 22:20	42714.93	15	4.09	0.71	0.1	0.04	0.07	8.29	0.9	18
12/11/2016 4:40	42715.19	14	36.6	0.53	0	0	0	9	1	17
12/11/2016 13:20	42715.56	14	4.01	0.36	0	0	0	9.28	1	17
12/11/2016 22:40	42715.94	15	5.29	0.77	0	0.17	0.085	10.53	0.92	17
12/12/2016 5:00	42716.21	15.5	5.12	0.81	0.11	0.09	0.1	10.94	1.05	17
12/12/2016 22:30	42716.94	14	4	0.4	0	0	0	9.79	1.08	17
12/13/2016 4:40	42717.19	13	3.99	0.57	0	0	0	9.79	1	17
12/13/2016 13:10	42717.55	16.5	3.8	0.78	0.16	0.21	0.185	10.01	1	17
12/13/2016 15:30	42717.65	16.5	3.91	0.56	0	0	0	10.3	1	
