time	flow (L/s)	raw (NTU)	sed (NTU)	filter (NTU)
11/27/15 10:25	11.50	16	1.5	0.5
11/27/15 10:27	11.50	16	1.5	0.5
11/27/15 18:05	12.03	15.57	1.78	0.07
11/28/15 6:09	12.03	15.54	1.01	0.31
11/28/15 17:51	12.03	14.28	0.89	0.06
11/29/15 6:03	12.03	14.11	0.61	0.01
11/29/15 18:09	12.03	14.17	0.76	0.32
11/30/15 6:00	12.03	13.92	1.15	0.37
11/30/15 18:03	12.03	14.11	1.15	0.07
12/1/15 6:18	12.03	14.02	1.61	0.65
12/1/15 17:57	12.03	13.78	1.29	0.18
12/2/15 6:04	12.03	12.67	1.47	0.16
12/2/15 18:09	12.03	13.33	1.42	0.48
12/3/15 6:06	12.03	12.68	1.23	0.26
12/3/15 18:05	12.03	27.86	1.84	0.15
12/4/15 6:04	12.03	13.74	0.49	0.21
12/4/15 17:57	12.03	13.38	1.39	0.52
12/5/15 6:04	12.03	14.6	0.64	0.04
12/5/15 18:06	12.03	12.4	0.67	0.01
12/6/15 6:05	12.03	11.68	0.51	0.12
12/6/15 18:20	12.03	12.26	1.23	0.35
12/7/15 6:06	12.03	10.83	0.86	0.5
12/7/15 18:40	12.03	11.36	0.47	0.06
12/8/15 6:06	12.03	10.17	0.77	0.54
12/8/15 18:11	12.03	9.89	0.94	0.22
12/9/15 6:12	12.03	9.97	0.46	0.14
12/9/15 18:01	12.03	10.63	0.54	0.29
12/10/15 6:05	12.03	10.09	0.36	0.26
12/10/15 6:06	12.03	10.09	0.36	0.26
12/10/15 17:55	12.03	9.85	0.53	0
12/11/15 6:06	12.03	9.66	0.74	0.33
12/11/15 18:02	12.03	10	0.75	0.29
12/12/15 17:57	12.03	9.63	0.94	0.01
12/13/15 6:04	12.03	8.24	0.6	0.23
12/13/15 18:28	12.03	8.17	0.37	0
12/14/15 6:02	12.03	8.19	0.63	0.47
12/14/15 18:05	12.03	8.61	0.92	0
12/15/15 6:04	12.03	7.71	0.94	0.02
12/15/15 19:07	12.03	8.45	1.91	0.6
12/16/15 18:37	12.03	8.86	0.42	0.13
12/17/15 6:23	11.30	8.08	1.15	0.5
12/17/15 18:09	11.16	7.42	0.97	0.44
12/18/15 6:00	11.16	7.37	0.99	0
12/18/15 18:04	11.30	7.94	1.17	0.32
12/19/15 6:08	11.16	6.77	1.21	0.16
12/19/15 17:56	11.16	6.38	0.63	0
12/20/15 6:18	11.30	6.85	0.92	0.25
12/20/15 17:55	11.16	8.85	0.92	0.36
12/21/15 5:56	11.16	8.06	1.12	0.29
12/21/15 18:01	11.30	6.29	1.49	0.55
12/22/15 6:35	6.70	6.12	1.37	0.37
12/23/15 6:02	11.30	6.24	0.73	0
12/24/15 6:01	11.16	6.12	0.27	0
12/24/15 18:04	11.30	6.5	1.03	0.3
12/25/15 7:06	670.00	6.37	0.81	0.18
12/25/15 17:56	10.83	5.48	1.01	0.07
12/26/15 6:06	11.30	5.27	0	0
12/27/15 17:58	11.30	5.19	1.24	0.17
12/28/15 8:13	670.00	4.35	0.01	0
12/28/15 17:58	10.83	4.48	0.21	0
12/29/15 5:56	11.30	4.6	0.44	0.15
12/29/15 18:26	670.00	4.78	1.42	0.7
12/30/15 6:01	10.83	4.64	0.11	0
12/30/15 18:16	10.06	4.74	0.76	0
12/31/15 6:25	10.67	3.82	0.17	0
12/31/15 18:00	10.66	4.29	0.19	0.01
1/1/16 6:20	10.06	3.88	0.32	0.13
1/1/16 18:50	640.00	5.04	0.74	0
1/2/16 5:54	10.66	5.2	0.42	0.03
1/2/16 17:52	10.06	4.02	0.059	0.01
1/4/16 6:04	10.83	3.31	0.4	0
1/5/16 18:53	11.90	4.19	0.8	0
1/6/16 12:21	10.06	4.74	0.76	0
1/7/16 6:05	11.83	3.06	0.32	0
1/8/16 5:59	11.83	2.57	0.56	0.02
1/9/16 18:02	11.83	2.63	0.12	0.06
1/10/16 6:02	11.83	2.22	0.01	0
1/11/16 17:56	11.68	2.53	0.32	0
1/13/16 6:09	11.68	3.08	0.4	0.1
1/14/16 17:59	11.68	3.01	0.59	0
1/16/16 5:58	11.68	2.07	0.84	0
1/20/16 18:54	11.20	2.13	0.21	0
1/22/16 6:25	11.20	2.66	0.55	0.01
1/23/16 18:13	11.20	2.5	0.12	0.01
1/25/16 5:58	11.20	2.34	0.77	0.38
1/26/16 18:07	11.20	2.16	0.48	0.07
1/28/16 6:10	11.20	2.33	0.41	0.03
1/28/16 6:11	11.20	2.33	0.41	0.03
1/29/16 18:01	11.20	3.16	0.39	0.01
1/30/16 6:06	11.51	2.49	0.83	0.26
1/30/16 18:01	11.51	3.02	0.99	0.19
1/31/16 6:08	11.55	2.66	0.21	0.27
1/31/16 10:41	11.51	249	0.83	0.26
1/31/16 17:57	11.51	2.39	0.83	0.2
2/1/16 5:59	11.51	2.53	0.78	0.36
2/1/16 18:16	11.55	2.43	0.98	0.3
2/2/16 5:59	11.51	2.97	0.39	0.29
2/4/16 18:09	11.55	3.39	0.48	0
2/5/16 6:16	11.51	312	0.01	0
2/5/16 7:20	11.51	3.12	0.17	0.03
2/5/16 18:10	11.51	2.09	0.58	0
2/6/16 6:04	11.55	2.14	0.59	0.08
2/6/16 17:48	11.51	2.41	0.67	0
2/7/16 5:58	11.51	2.37	0.67	0.16
2/7/16 17:51	11.55	2.9	0	0
2/8/16 5:55	11.51	1.78	0.39	0.03
2/8/16 18:08	11.51	2.1	0.69	0.14
2/9/16 6:07	11.51	3.04	0	0
2/9/16 17:51	11.51	1.26	0.11	0.27
2/10/16 4:00	11.51	2.7	0.86	0.24
2/10/16 16:24	10.13	3.51	1.08	0.4
2/11/16 4:05	11.51	3.21	1.35	0.5
2/11/16 16:02	11.20	2.75	0.64	0.09
2/12/16 4:21	11.20	2.49	0.27	0.11
2/12/16 15:55	11.00	2.91	0.48	0.01
2/13/16 3:59	11.20	2.4	0.55	0
2/13/16 16:05	11.20	1.95	0.47	0
2/14/16 4:00	11.20	2.61	0.8	0.3
2/14/16 15:57	11.38	2.48	0.42	0.03
2/15/16 4:04	11.38	2.1	0.3	0
2/15/16 16:05	11.38	2.45	0.89	0
2/16/16 4:00	11.51	2.68	0.87	0.39
2/16/16 16:03	11.51	2.89	0.56	0.11
2/17/16 4:44	11.51	2.82	0.69	0.26
2/17/16 16:03	11.38	2.89	1.04	0.01
2/18/16 4:04	11.38	1.39	0.45	0
2/18/16 15:58	11.33	3.06	0.65	0.03
2/19/16 4:01	11.33	3.11	0.19	0
2/19/16 16:08	11.33	2.92	0.5	0
2/20/16 4:00	11.33	2.68	0.86	0
2/20/16 16:36	11.33	3.17	0.34	0.72
2/21/16 4:09	11.33	1.61	0.22	0
2/21/16 16:02	11.33	3.16	0.55	0.03
2/22/16 4:10	11.33	2.69	1.31	0.71
2/22/16 16:10	11.51	1.65	0.21	0
2/23/16 3:56	11.33	2.56	0.78	0.23
2/23/16 16:04	11.51	1.56	1.4	0.01
2/24/16 4:08	11.51	2.72	0.13	0.08
2/25/16 4:05	11.50	2.77	0.63	0.21
2/25/16 15:54	11.50	2.37	0.01	0
2/26/16 16:39	11.50	3.16	0.79	0.32
2/27/16 4:16	11.50	2.33	0.11	0.5
2/27/16 16:44	11.50	2.48	1.3	0.4
2/28/16 16:14	11.50	2.52	1.18	0.25
2/29/16 16:10	11.50	2.75	1.27	0.8
3/1/16 3:57	11.50	2.94	0.5	0
3/1/16 8:23	11.50	2.04	1.23	0.38
3/1/16 15:45	11.50	1.65	1.19	0.32
3/2/16 3:57	11.50	2.57	2.25	1.24
3/2/16 16:10	11.50	1.82	1.25	0.16
3/3/16 4:18	11.50	1.68	1.77	0.87
3/3/16 16:00	11.50	2.97	1.29	0.16
3/4/16 0:01	15.50	2.87	1.09	0.67
3/4/16 1:02	11.50	2.59	1.57	0.77
3/4/16 2:03	11.50	2.02	1.09	0.11
3/4/16 3:03	11.50	2.62	1.31	0.54
3/4/16 3:59	11.50	5.99	1.28	0
3/5/16 5:07	11.50	2.97	0.61	0.16
3/5/16 7:03	11.50	2.63	0.39	0.16
3/5/16 8:00	11.50	1.66	0.31	0
3/5/16 9:04	11.50	2.48	1.45	0.94
3/5/16 10:02	11.50	3.01	1.39	0.92
3/5/16 10:55	11.50	2.14	0.38	0.15
3/5/16 12:26	11.50	2.64	1.06	0.91
3/5/16 13:10	11.50	2.51	1.09	0.83
3/5/16 14:07	11.50	2.63	1.03	0.83
3/5/16 15:14	11.50	2.73	1.07	0.67
3/5/16 16:14	11.50	2.39	1.04	0.05
3/5/16 17:15	11.50	2.98	0.99	0.18
3/5/16 18:12	11.50	2.44	0.98	0.5
3/5/16 19:13	11.50	2.54	0.37	0.19
3/5/16 20:09	11.50	1.85	0.96	0.09
3/5/16 21:14	11.50	2.49	0.93	0.55
3/5/16 21:54	11.50	2.66	0.66	0.5
3/5/16 23:01	11.50	2.52	0.3	0.06
3/5/16 23:30	11.50	2.4	0.3	0.06
3/6/16 0:27	11.50	2.56	1.31	0.95
3/6/16 1:13	11.50	3.07	1.24	0.9
3/6/16 2:06	11.50	2.74	0.99	0.89
3/6/16 3:12	11.50	2.89	1.01	0
3/6/16 3:57	11.50	3.32	0.94	0
3/6/16 11:17	11.50	1.76	0.26	0
3/6/16 12:10	11.50	2.83	1.89	0
3/6/16 13:00	11.50	2.81	1.22	0.96
3/6/16 14:02	11.50	1.46	1.13	0.85
3/6/16 15:01	11.50	2.46	0.59	0.32
3/6/16 16:59	11.50	1.46	0.4	0.24
3/6/16 18:04	11.50	2.83	0.37	0.09
3/6/16 19:05	11.50	2.73	0.19	0
3/6/16 19:59	11.50	1.77	0.53	0.01
3/6/16 21:04	11.50	1.85	1.11	0.27
3/6/16 21:58	11.50	1.7	0.71	0.14
3/6/16 22:57	11.50	2.15	0.77	0.26
3/7/16 5:12	11.50	2.47	0.83	0.12
3/7/16 6:19	11.50	2.07	0.77	0.09
3/7/16 7:07	11.50	3.11	0.47	0.82
3/7/16 7:09	11.50	3.11	0.47	0.82
3/7/16 8:17	11.50	2.94	0.51	0.52
3/7/16 9:33	11.50	15.09	1.98	0.47
3/7/16 10:41	11.50	15.2	2	0.88
3/7/16 11:35	11.50	13.93	2.01	0
3/9/16 1:00	12.44	2.46	0.74	0
3/9/16 2:00	12.44	2.12	0.79	0
3/9/16 3:08	12.44	3.39	0.9	0.57
3/9/16 4:08	12.44	2.56	0.97	0.06
3/9/16 4:58	12.44	2.46	0.82	0.01
3/9/16 20:07	11.50	3.82	1.78	0.9
3/9/16 20:58	11.60	2.95	1.67	0.35
3/9/16 21:58	12.21	3.42	1.9	1.04
3/9/16 22:56	12.21	3.11	1.51	0.15
3/9/16 23:58	12.44	2.85	0.51	0.64
3/10/16 0:58	12.39	3.09	2.03	1.21
3/10/16 1:59	12.39	4.72	2.12	0.55
3/10/16 2:59	12.39	3.04	1.63	1.12
3/10/16 3:59	12.39	2.87	1.38	0.98
3/10/16 4:58	12.39	2.57	1.41	0.11
3/10/16 6:00	12.44	2.28	0.92	0.24
3/10/16 6:58	12.44	2.48	1.13	0.63
3/10/16 8:03	12.44	2.56	1.13	0.7
3/10/16 9:05	12.44	2.79	1.03	0.49
3/10/16 10:08	12.44	2.87	1.63	0.63
3/10/16 10:56	12.44	2.98	1.13	0
3/10/16 23:54	12.39	4.16	2.35	1.38
3/11/16 5:57	12.39	3.36	1.25	0.46
3/11/16 6:59	12.39	3	0.98	0.31
3/11/16 7:58	12.39	2.67	0.95	0.22
3/11/16 8:57	12.39	2.93	0.74	0.11
3/11/16 9:58	12.39	3.12	0.33	0.11
3/11/16 10:59	12.39	3.1	0.64	0.09
3/11/16 12:04	12.44	2.3	0	0.29
3/11/16 12:58	12.44	1.71	0.05	0.24
3/11/16 14:14	12.44	2.82	0.87	0.68
3/11/16 15:09	12.44	1.92	0.02	0.01
3/11/16 16:07	12.44	1.95	0.99	0.57
3/11/16 17:16	12.44	3.06	0.44	0.63
3/11/16 18:01	12.44	2.82	0.57	0.24
3/11/16 19:21	12.44	2.74	0.87	0.09
3/11/16 20:05	12.44	2.87	0.55	0.13
3/11/16 21:02	12.44	2.62	0.36	0.32
3/11/16 22:56	12.44	2.72	0.65	0.19
3/11/16 23:02	12.44	3.38	0.26	0.12
3/12/16 0:21	12.44	2.79	0.59	0.95
3/12/16 1:04	12.44	2.71	0.79	0.78
3/12/16 2:07	12.44	2.2	0.31	0.12
3/12/16 3:03	12.44	2.01	0.45	0
3/12/16 4:05	12.44	2.62	0.37	0.01
3/12/16 5:04	12.44	2.07	0.4	0.11
3/12/16 11:58	12.39	2.78	0.1	0
3/12/16 15:59	12.44	3.14	1.03	1.04
3/12/16 16:57	12.44	2.46	1.1	1.08
3/12/16 17:58	12.44	2.62	1.27	0.33
3/12/16 18:59	12.44	2.34	1.2	0.99
3/12/16 19:56	12.44	1.79	0.73	0.35
3/12/16 20:57	12.44	2.49	0.53	0.41
3/12/16 21:58	12.44	2.26	0.36	1.04
3/12/16 22:58	12.44	2.64	0.92	0.32
3/13/16 0:56	12.44	2.87	1.65	1.2
3/13/16 1:57	12.44	2.71	1.39	1.09
3/13/16 2:56	12.44	2.05	1	0.78
3/13/16 3:58	12.44	2.43	0.37	0.87
3/13/16 6:07	12.44	3.44	0.09	0
3/13/16 8:10	12.44	2.66	0.02	0
3/13/16 8:12	12.44	1.99	0	0.09
3/13/16 9:14	12.44	2.37	0.12	0
3/13/16 10:19	12.44	2	0	0.15
3/13/16 11:05	12.44	2.36	0.24	0
3/13/16 17:19	12.44	2.59	0.31	0.47
3/13/16 17:21	12.44	3.1	0.42	0.92
3/13/16 23:56	12.44	2.77	1.71	0.52
3/14/16 3:57	12.44	3.14	1.36	0.28
3/14/16 4:58	12.44	3	1.12	0.16
3/14/16 5:59	12.44	2.83	1.26	0
3/14/16 6:57	12.44	2.91	1.15	0.97
3/14/16 8:00	12.44	3.03	1.42	0.86
3/14/16 8:57	12.44	3.21	1.12	1.3
3/14/16 9:58	12.44	2.18	1.44	0
3/14/16 10:52	12.44	2.11	0.01	0.83
3/14/16 11:59	12.44	1.79	0	0.68
3/14/16 12:56	12.44	2.07	0.12	0
3/14/16 14:09	12.44	2.76	0.97	0.87
3/14/16 15:06	12.44	2.6	0.24	0.11
3/14/16 15:57	12.44	2.67	0.23	0.21
3/14/16 16:58	12.44	2.4	0.38	0.05
3/14/16 17:58	12.44	2.77	0.24	0.32
3/14/16 19:00	12.44	2.41	0.79	0.38
3/14/16 20:02	12.44	2.51	0.35	0.63
3/14/16 20:54	12.44	2.66	1.07	0.23
3/14/16 21:56	12.44	2.62	0.78	0
3/15/16 1:51	12.44	1.83	0.49	0.47
3/15/16 2:52	12.44	2.86	0.4	0.63
3/15/16 3:57	12.44	2.74	1.08	0.75
3/15/16 11:05	12.44	1.77	0.99	0.29
3/15/16 12:04	12.44	2.66	1.3	0
3/15/16 13:01	12.44	1.55	1.24	0.83
3/15/16 14:01	12.44	1.65	1.31	0.05
3/15/16 15:01	12.44	2.74	0.42	0.99
3/15/16 16:01	12.44	2.49	1.23	0.68
3/15/16 17:03	12.44	2.81	1.09	0.86
3/15/16 18:04	12.44	2.78	1.08	0.82
3/15/16 18:49	12.44	3.16	0.51	0.86
3/15/16 19:06	12.44	2.32	1.68	0.64
3/15/16 19:59	12.44	2.39	1.63	0.53
3/15/16 20:59	12.44	2.43	1.68	0.97
3/15/16 21:57	12.44	2.6	1.19	0.82
3/15/16 22:51	12.44	3.31	1.11	0.03
3/15/16 23:54	12.44	2.85	0.51	0.01
3/16/16 0:05	12.44	2.5	1.21	1.21
3/16/16 1:00	12.44	2.62	0.68	0.35
3/16/16 1:59	12.44	2.78	0.7	0.5
3/16/16 3:06	12.44	2.56	1.48	1.05
3/16/16 4:25	12.44	2.87	0.95	0.69
3/16/16 5:21	12.44	2.74	0.7	0.31
3/16/16 5:59	12.44	1.56	0.6	0.66
3/16/16 7:02	12.44	2	1.13	0.8
3/16/16 7:56	12.44	2.3	0.83	0.72
3/16/16 8:59	12.44	1.12	0.11	0.6
3/16/16 10:00	12.44	2	0	0
3/16/16 23:02	12.44	2.07	1.17	1.13
3/17/16 4:00	12.44	2.58	1.23	1.07
3/17/16 4:58	12.44	2.54	1.31	0.71
3/17/16 6:07	12.44	1.86	1.32	0.32
3/17/16 7:00	12.44	0.96	0.16	0
3/17/16 7:58	12.44	1.76	0.78	0.01
3/17/16 9:04	12.44	2.4	1.22	0.99
3/17/16 9:57	12.44	2.17	0.42	0.47
3/17/16 10:57	12.44	2.48	0.32	0.05
3/17/16 12:00	12.44	2.71	0.24	0.01
3/17/16 12:54	12.44	2.7	0.77	0.91
3/17/16 13:57	12.44	2.63	0.79	0.6
3/17/16 15:00	12.44	3	0.67	0.14
3/17/16 16:06	12.44	2.61	0.8	0.24
3/17/16 16:59	12.44	2.69	0.98	0.2
3/17/16 17:59	12.44	1.7	0.44	0.13
3/17/16 18:59	12.44	2.5	1.24	0.33
3/17/16 20:00	12.44	2.38	0.99	0.21
3/17/16 20:57	12.44	2.54	0.74	0.31
3/17/16 22:01	12.44	2	0.43	0.02
3/18/16 0:00	12.44	3.4	1.25	0.4
3/18/16 0:07	746.00	3.4	1.25	0.4
3/18/16 1:00	12.44	2.65	0.91	0.79
3/18/16 2:37	12.44	2.59	0.99	0.08
3/18/16 2:59	12.44	2.44	0.49	0.99
3/18/16 3:59	12.44	2.77	0.56	0.76
3/18/16 11:03	12.44	2.43	1.82	1.24
3/18/16 11:58	12.44	2.55	1.82	0
3/18/16 13:04	12.44	1.86	1.06	0.57
3/18/16 14:06	12.44	2.94	1.65	0.7
3/18/16 15:02	12.44	2.42	1.27	0.93
3/18/16 15:57	12.44	2.31	1.77	0.97
3/18/16 16:57	12.44	2.97	1.69	1.27
3/18/16 17:57	12.44	2.84	1.7	1.36
3/18/16 18:58	12.44	2.18	1.78	0.95
3/18/16 19:59	12.44	3.7	1.4	0.96
3/18/16 20:58	12.44	3.15	1.48	1.26
3/18/16 21:56	12.44	2.43	1.26	0.85
3/18/16 22:58	12.44	2.04	1.12	0.53
3/18/16 23:28	746.00	2.04	1.12	0.53
3/19/16 0:58	12.44	3.09	2.03	1.18
3/19/16 1:59	12.44	2.61	1.94	1.26
3/19/16 2:57	12.44	1.92	0.99	1.17
3/19/16 3:56	12.44	2.89	1.38	0.49
3/19/16 4:58	12.44	2.5	0.63	0.03
3/19/16 6:00	12.44	2.43	0.9	0.01
3/19/16 6:55	12.44	2.55	0.66	0.04
3/19/16 7:58	12.44	1.42	0.82	0.45
3/19/16 9:00	12.44	2.07	0.6	0.5
3/19/16 10:01	12.44	2.65	0.28	0
3/19/16 14:06	12.43	2	1.59	0.58
3/19/16 22:57	12.44	2.74	1.38	1.11
3/19/16 23:58	12.44	2.65	1.26	0.94
3/20/16 4:58	12.44	3.05	1.42	0.99
3/20/16 5:59	12.44	2.79	1.12	0.97
3/20/16 6:58	12.44	2.94	1.98	1.17
3/20/16 7:59	12.44	2.65	2	1.22
3/20/16 8:57	12.44	2.52	1.58	1.12
3/20/16 9:52	12.44	2.88	1.44	1.09
3/20/16 10:55	12.44	2.67	0.99	0.9
3/20/16 11:59	12.44	2.77	1	0.88
3/20/16 12:58	12.44	2.75	0.8	0.57
3/20/16 13:58	12.44	2.66	0.77	0.44
3/20/16 15:01	12.44	2.69	0.88	0.38
3/20/16 15:59	12.44	2.7	0.79	0.58
3/20/16 17:00	12.44	2.68	1.52	0.99
3/20/16 17:59	12.44	2.6	1.29	0.61
3/20/16 18:59	12.44	2.45	0.89	0.87
3/20/16 20:57	12.44	2.45	0.55	0.05
3/20/16 20:58	12.44	2.99	0.73	0.12
3/20/16 21:56	12.44	2.56	0.74	0.45
3/21/16 0:58	12.44	2.62	0.79	0.77
3/21/16 1:59	12.44	2.92	1	0.88
3/21/16 2:56	12.44	2.35	0.86	0.69
3/21/16 11:01	12.44	2.6	1.33	0.38
3/21/16 12:02	12.44	2.59	1.54	0.49
3/21/16 13:01	12.44	2.65	2.11	1.4
3/21/16 14:05	12.44	2.44	2.02	1.32
3/21/16 15:01	12.44	3.67	1.86	0.15
3/21/16 16:02	12.44	2.41	1.38	1.42
3/21/16 17:00	12.44	2.68	2.07	0.82
3/21/16 18:00	12.44	2.91	0.87	0
3/21/16 19:02	12.44	1.83	1.02	0.41
3/21/16 20:00	12.44	2.44	1.94	1.47
3/21/16 21:01	12.44	2.02	0.93	0.91
3/21/16 21:56	12.44	1.89	1.76	0.84
3/21/16 22:59	12.44	2.98	1.13	0.97
3/21/16 23:57	12.44	2.54	1.06	0.83
3/22/16 0:08	12.44	2.67	2.01	1.28
3/22/16 1:03	12.44	2.52	2.06	0.02
3/22/16 1:59	12.44	2.74	1.96	0.67
3/22/16 2:59	12.44	2.53	1.92	0.75
3/22/16 3:57	12.44	2.81	2.43	1.31
3/22/16 4:01	12.44	2.32	1.01	0.6
3/22/16 4:58	12.44	2.58	2.11	1.31
3/22/16 4:58	12.44	3.1	0.95	0.54
3/22/16 5:59	12.44	2.79	1.86	1.28
3/22/16 6:00	12.44	3.1	1.48	0.88
3/22/16 6:56	12.44	2.42	1.37	1.05
3/22/16 6:58	12.44	2.65	1.06	0.95
3/22/16 8:00	12.44	2.99	1.12	0.75
3/22/16 8:10	12.44	2.64	1.11	1.02
3/22/16 8:57	12.44	2.67	1.78	0.48
3/22/16 8:57	12.44	2.61	1.72	1.25
3/22/16 9:56	12.44	1.68	0.39	0.19
3/22/16 10:02	12.44	2.4	1	0.61
3/22/16 10:57	12.44	2.25	1.21	0.47
3/22/16 12:00	12.44	2.47	1	0.28
3/22/16 12:57	12.44	2.61	0.97	0.11
3/22/16 13:57	12.44	2.38	1.17	0.46
3/22/16 14:58	12.44	2.7	1.29	0.42
3/22/16 16:01	12.44	2.31	1.2	0.55
3/22/16 16:59	12.44	2.98	1.13	0.38
3/22/16 17:58	12.44	1.81	1.29	0.47
3/22/16 18:59	12.44	2.22	1.08	0.5
3/22/16 19:58	12.44	2.32	0.94	0.4
3/22/16 20:58	12.44	2.1	1.05	0.5
3/22/16 21:59	12.44	2.23	1.13	0.46
3/22/16 23:02	12.44	2.86	2.72	1.86
3/24/16 1:00	12.44	2.8	0.89	0.32
3/24/16 1:56	12.44	2.95	0.93	0.68
3/24/16 2:58	12.44	2.51	0.28	0.27
3/24/16 11:01	12.44	2.58	2.23	1.15
3/24/16 12:00	12.44	2.38	1.55	0.22
3/24/16 13:05	12.44	2.07	1.83	1.26
3/24/16 13:57	12.44	2.05	1.94	0.71
3/24/16 14:59	12.44	2.16	2.16	0.84
3/24/16 15:58	12.44	2.62	0.46	0.23
3/24/16 15:59	12.44	1.61	1.37	0.67
3/24/16 16:59	12.44	1.21	2.14	1.13
3/24/16 17:57	12.44	1.77	1.84	1.3
3/24/16 18:59	12.44	2.51	1.36	1.11
3/24/16 19:58	12.44	2.68	1.28	0.96
3/24/16 20:58	12.44	3.32	1.76	1.27
3/24/16 21:56	12.44	2.71	1.82	1.36
3/24/16 22:57	12.44	2.72	0.73	0.47
3/24/16 23:59	12.44	2.5	0.77	0.52
3/25/16 0:04	12.44	2.18	1.84	1.4
3/25/16 0:58	12.44	2.62	1.16	0.67
3/25/16 4:58	12.44	2.48	0.5	0.47
3/25/16 5:56	12.44	2.44	0.29	0.4
3/25/16 6:58	12.44	2.68	0.47	0.68
3/25/16 8:00	12.44	2.7	0	0.3
3/25/16 8:58	12.44	2.43	0.97	0.15
3/25/16 9:56	12.44	1.59	0.61	0.3
3/25/16 23:00	12.44	2.33	1.69	1.19
3/30/16 0:57	12.56	2.16	0.62	0.68
3/30/16 1:58	12.56	2.27	0.47	0.7
3/30/16 2:56	12.56	2.76	0.14	0
3/30/16 3:58	12.56	2.14	0.56	0
3/30/16 11:06	12.57	2	1.15	0.69
3/30/16 12:04	12.57	1.98	0.68	0
3/30/16 13:59	12.57	1.27	0.84	0
3/30/16 14:01	12.57	1.27	0.84	0
3/30/16 15:02	12.57	1.09	0.71	0.12
3/30/16 16:00	12.57	1.34	0.82	0.09
3/30/16 17:06	12.57	1.97	0.64	0.02
3/30/16 18:08	12.57	2.19	0.82	0.07
3/30/16 19:01	12.57	1.76	0.91	0.66
3/30/16 19:52	12.57	1.67	0.5	0
3/30/16 22:03	12.57	1.84	0.92	0.27
3/30/16 23:00	12.56	2.61	0.81	0.35
3/31/16 0:00	12.57	1.78	0.62	0.12
3/31/16 1:01	12.57	2.25	1.07	0.88
3/31/16 4:57	12.56	2.1	1	0.49
3/31/16 5:59	12.56	2.16	0.96	0.55
3/31/16 7:00	12.56	1.71	0.21	0.01
3/31/16 7:58	12.56	2.19	0.35	0.07
3/31/16 8:59	12.56	1.86	0.2	0.14
3/31/16 9:57	12.56	2.2	0.44	0
3/31/16 23:00	12.57	2.36	0.41	0
4/1/16 2:00	12.57	1.98	0.87	0.26
4/1/16 3:01	12.57	2	0.67	0
4/1/16 4:02	12.57	1.89	0.15	0
4/1/16 5:04	12.57	1.99	0.23	0
4/1/16 6:00	12.57	2.14	0.9	0.62
4/1/16 6:56	12.57	1.91	0.17	0.01
4/1/16 8:01	12.57	1.56	0.64	0.16
4/1/16 8:59	12.57	2.06	0.82	0.72
4/1/16 9:58	12.57	2.17	0.67	0.16
4/1/16 10:56	12.56	2.17	0.69	0.6
4/1/16 11:58	12.56	2.48	0.08	0.15
4/1/16 12:59	12.56	2.29	0.04	0.07
4/1/16 13:57	12.56	2.15	0.57	0.28
4/1/16 14:59	12.56	2.24	0.6	0
4/1/16 15:58	12.56	2.66	0.36	0
4/1/16 16:59	12.56	2.08	0.13	0.1
4/1/16 17:58	12.56	1.97	0.66	0.6
4/1/16 18:59	2.10	2.1	0.7	0.01
4/1/16 19:57	12.56	2.16	0.63	0.27
4/1/16 20:58	12.56	2.03	0.76	0.42
4/1/16 21:59	12.56	2.31	0.52	0.25
4/2/16 1:00	12.56	1.9	0.45	0.2
4/2/16 1:58	12.56	2.55	0.85	0.16
4/2/16 2:59	12.56	2.39	0.79	0.24
4/2/16 3:59	12.56	1.5	0.44	0.37
4/2/16 11:03	12.57	1.8	1.13	0.31
4/2/16 12:00	12.57	2.04	1.21	0.16
4/2/16 13:01	12.57	1.97	0.86	0.09
4/2/16 14:02	12.57	2.69	1.2	0.68
4/2/16 15:03	12.57	2.44	1.11	0.52
4/2/16 16:00	12.57	2.78	0.69	0
4/2/16 17:01	12.57	2.47	0.26	0
4/2/16 18:02	12.57	2	0.11	0
4/2/16 19:02	12.57	2.19	0.92	0.77
4/2/16 19:54	12.57	1.86	0.83	0.44
4/2/16 21:00	12.57	2.02	0.68	0.09
4/2/16 21:50	12.57	1.63	0.65	0.18
4/2/16 22:55	12.54	2.79	0.56	0.17
4/2/16 23:59	12.56	2.28	0.44	0.15
4/3/16 0:01	13.27	2.94	1.06	0.86
4/3/16 5:00	12.56	2.75	0.52	0.29
4/3/16 5:56	12.56	2.06	0.26	0
4/3/16 6:59	12.56	1.76	0.48	0
4/3/16 7:58	12.56	2.13	0.52	0
4/3/16 8:59	12.56	2.67	0.14	0
4/3/16 10:00	12.56	2.11	0.02	0.01
4/3/16 23:01	13.27	3.13	1.76	0.56
4/4/16 0:00	13.27	2.63	0.63	0.88
4/4/16 0:54	13.27	2.43	1.74	0.98
4/4/16 1:00	13.27	2.36	1	0.67
4/4/16 1:57	13.27	1.45	1.12	0.69
4/4/16 2:01	13.27	1.54	1.01	0.26
4/4/16 3:02	13.27	1.97	0.98	0.34
4/4/16 4:03	13.27	2	0.81	0.11
4/4/16 5:01	13.27	1.86	0.97	0.28
4/4/16 6:02	13.27	2.2	0.94	0.79
4/4/16 7:03	13.27	2.35	0.89	0
4/4/16 8:02	13.27	1.99	0.42	0.13
4/4/16 9:02	13.27	2.04	0.72	0.01
4/4/16 9:56	13.27	1.97	0.44	0
4/4/16 11:11	13.27	2.46	1	0.79
4/4/16 12:10	13.27	1.9	1.09	0.77
4/4/16 13:14	13.27	2.04	0.53	0.83
4/4/16 14:11	13.27	2.25	1.22	0.64
4/4/16 15:20	13.27	1.9	0.98	0.77
4/4/16 16:17	13.27	2.18	1.11	0.99
4/4/16 17:14	13.27	2.13	1.29	0.93
4/4/16 18:12	13.27	2.1	1.11	0.69
4/4/16 19:09	13.27	2.69	1.09	0.73
4/4/16 20:01	13.27	1.57	1.68	0.89
4/4/16 21:01	13.27	2.03	2.05	0.87
4/4/16 22:03	13.27	2.19	2.13	0.91
4/4/16 23:01	13.27	2.3	1.22	0.88
4/5/16 1:53	13.27	2.48	1.34	0.82
4/5/16 12:05	13.27	2.18	1.36	0
4/5/16 13:14	13.27	2.19	1.2	0.78
4/5/16 14:12	13.27	1.42	1.254	0.77
4/5/16 15:07	13.27	2.05	1.27	0.63
4/5/16 16:20	13.27	2.26	0.96	0.65
4/5/16 17:14	13.27	2.11	0.98	0.68
4/5/16 18:09	13.27	2.2	0.96	0.7
4/5/16 19:05	13.27	1.87	1.13	0.75
4/5/16 20:07	13.27	2.04	1.27	0.99
4/5/16 20:59	13.27	3.17	1.19	0.29
4/5/16 21:58	13.27	2.46	1.6	0.87
4/5/16 23:04	13.27	2.47	1.55	0.96
4/5/16 23:59	13.27	1.99	1.27	0.47
4/6/16 0:02	13.27	2.31	0.72	0.48
4/6/16 1:01	13.27	2.07	0.73	0.42
4/6/16 1:53	13.27	1.76	0.94	0.4
4/6/16 12:10	13.27	2.03	1.23	0.81
4/6/16 13:07	13.27	2.02	0.81	0.66
4/6/16 14:01	13.27	1.88	0.89	0.55
4/6/16 15:04	13.27	1.89	0.8	0.46
4/6/16 16:02	13.27	2.04	0.63	0.47
4/6/16 17:07	13.27	1.56	0.81	0.49
4/6/16 18:07	13.27	2.11	0.76	0.54
4/6/16 19:00	13.27	2.19	0.97	0.77
4/6/16 20:02	13.27	2.39	0.67	0.12
4/6/16 21:04	13.27	2.64	0.83	0.28
4/6/16 22:01	13.27	2.53	1.63	0.94
4/6/16 23:06	13.27	2.46	1.33	0.82
4/7/16 3:03	13.27	1.98	0.67	0.59
4/7/16 3:07	13.27	1.98	0.67	0.59
4/7/16 13:16	13.27	1.96	0.8	0.66
4/7/16 14:05	13.27	2	0.16	0.4
4/7/16 15:01	13.27	1.22	0.72	0.55
4/7/16 16:01	13.27	2.02	1.01	0.75
4/7/16 17:10	13.27	1.9	0.94	0.7
4/7/16 18:10	13.27	1.88	0.82	0.62
4/7/16 18:58	13.27	1.12	0.79	0.4
4/8/16 0:01	13.27	2.78	0.76	0.45
4/8/16 3:06	13.27	2.26	1.42	0.6
4/8/16 12:05	13.27	1.64	1.28	0.68
4/8/16 12:55	13.27	2.08	0.29	0.16
4/8/16 14:01	13.27	1.78	0.09	0.03
4/8/16 15:14	13.27	1.96	0.84	0.64
4/8/16 16:08	13.27	2.28	1.01	0.73
4/8/16 17:11	13.27	1.33	0.73	0.46
4/8/16 18:21	13.27	2.09	0.8	0.78
4/8/16 19:01	13.27	2.12	1.1	0.89
4/8/16 21:03	13.27	4.37	0.87	1.11
4/8/16 23:04	13.27	3.33	0.96	0.67
4/9/16 1:05	12.70	2.31	0.98	0.58
4/9/16 3:10	12.75	2.14	1.22	0.69
4/9/16 4:23	13.27	2.14	0.95	0.07
4/9/16 5:29	13.27	2.03	1.41	0.79
4/9/16 7:14	13.27	2.08	0.96	0.4
4/9/16 7:20	13.27	1.98	1.3	0.2
4/9/16 8:22	13.27	2.26	1.64	0.7
4/9/16 9:03	13.27	2.35	0.94	0.36
4/9/16 10:11	12.56	1.95	1.43	0.98
4/9/16 12:02	12.56	1.75	1.57	0.92
4/9/16 13:04	12.56	1.96	1.18	0.82
4/9/16 14:04	12.56	2.2	0.98	0.77
4/9/16 15:09	12.56	2.13	1.11	0.82
4/9/16 15:58	3.31	3.31	0.63	0.41
4/9/16 16:06	12.56	1.98	0.98	0.67
4/9/16 18:07	12.56	2.43	0.97	0.65
4/9/16 19:04	12.56	1.95	1.24	0.23
4/9/16 21:03	12.70	1.89	0.46	0.09
4/9/16 23:03	12.70	2.31	0.91	0.42
4/10/16 1:04	12.70	2.22	0.91	0.45
4/10/16 3:07	12.75	2.2	1.72	0.92
4/10/16 6:35	12.75	1.87	1.65	0.86
4/10/16 7:08	12.75	2.24	1.4	0.27
4/10/16 8:02	12.75	1.98	0.86	0.04
4/10/16 9:13	12.75	1.67	0.45	0.3
4/10/16 10:10	12.75	2.1	1.09	0.22
4/10/16 10:43	12.75	2.22	1.64	0.69
4/10/16 12:14	12.75	1.74	1.35	0.85
4/10/16 13:16	12.75	1.83	1.27	0.82
4/10/16 14:09	12.75	1.96	1.3	0.8
4/10/16 15:16	12.75	1.87	1.1	0.16
4/10/16 16:09	12.75	2.14	0.96	0.76
4/10/16 17:06	12.75	1.92	1.02	0.9
4/10/16 18:07	12.75	1.84	1.11	0.83
4/10/16 18:58	12.75	1.86	1.3	0.91
4/10/16 20:00	12.70	1.24	1.65	1.11
4/10/16 22:04	12.70	2.4	1.61	0.76
4/11/16 0:29	12.75	2.04	1.23	0.18
4/11/16 1:10	12.75	2.21	1.16	0.84
4/11/16 2:06	12.75	2.09	1.76	0.56
4/11/16 3:06	12.75	1.29	0.57	0.35
4/11/16 4:12	12.75	2.06	1.4	0.2
4/11/16 5:07	12.75	2.3	1.2	0.14
4/11/16 6:35	12.75	2.17	1.94	0.25
4/11/16 7:56	12.75	1.97	1.12	0.7
4/11/16 8:15	12.75	1.84	1.1	0.91
4/11/16 9:14	12.75	1.94	1.2	0.2
4/11/16 10:11	12.75	2.5	1.38	0.86
4/11/16 10:46	12.75	1.81	1.43	0.8
4/11/16 12:03	12.70	1.77	1.62	0.55
4/11/16 15:04	12.70	2.19	0.98	0.02
4/11/16 17:02	12.70	2.15	0.41	0.09
4/11/16 18:58	12.70	2.2	0.86	0.26
4/11/16 20:24	12.75	1.98	1.17	0.16
4/11/16 21:15	12.75	2.05	1.53	0.24
4/11/16 22:17	12.75	1.9	1.31	0.76
4/11/16 23:13	12.75	2.3	1.52	0.82
4/12/16 1:21	12.75	1.47	0.92	0.14
4/12/16 2:03	12.75	2.01	1.49	0.98
4/12/16 3:00	12.75	1.95	1.46	0.94
4/12/16 4:04	12.75	2.05	0.84	0.66
4/12/16 5:07	12.75	1.04	0.24	0.01
4/12/16 6:00	12.75	2.4	0.72	0
4/12/16 6:59	12.75	1.61	0.5	0
4/12/16 8:08	12.75	1.17	0	0
4/12/16 9:00	12.75	1.89	0.01	0
4/12/16 10:09	12.75	2.67	0.84	0.53
4/12/16 11:04	12.75	1.64	1.01	0.38
4/12/16 20:07	12.75	2	1.05	0.77
4/12/16 21:23	12.75	2.11	1.71	0.85
4/12/16 22:22	12.75	2.18	1.36	0.6
4/12/16 23:21	12.75	2.53	1.77	0.99
4/12/16 23:55	12.75	1.83	1.49	0.57
4/13/16 0:18	12.75	1.93	0.91	0.36
4/13/16 1:09	12.75	1.88	1.08	0.94
4/13/16 2:21	12.75	1.67	0.79	0.18
4/13/16 3:04	12.75	1.96	1.38	0.97
4/13/16 4:02	12.75	2.29	1.31	0.98
4/13/16 5:08	12.75	2.19	1.01	0.26
4/13/16 6:13	12.75	2.07	1.22	0.01
4/13/16 7:23	12.75	1.84	0.54	0.57
4/13/16 8:12	12.75	2.19	0.18	0.87
4/13/16 9:04	12.75	1.94	0.97	0.95
4/13/16 10:08	12.75	2.23	1.23	0.97
4/13/16 11:02	12.75	1.94	1.32	0.83
4/13/16 12:00	12.75	1.59	0.33	0
4/13/16 13:00	12.75	2.27	0	0.02
4/13/16 14:00	12.75	1.84	0.51	0
4/13/16 14:59	12.75	1.71	0.94	0
4/13/16 15:59	12.75	2	0.06	0.05
4/13/16 17:00	12.75	3.45	0.14	0
4/13/16 18:58	12.75	2	0.47	0.38
4/13/16 18:59	12.75	2.2	0.67	0.45
4/13/16 20:11	12.75	2.24	0.65	0.07
4/13/16 21:00	12.75	0.94	1.69	0.32
4/13/16 22:20	12.75	1.96	1.79	0.27
4/13/16 23:18	12.75	1.98	1.4	0.07
4/14/16 0:02	12.75	1.86	0.37	0
4/14/16 2:00	12.75	1.74	0.87	0.7
4/14/16 3:05	12.75	1.72	0.94	0.7
4/14/16 4:03	12.75	1.93	1.04	0.87
4/14/16 5:07	12.75	1.63	0.62	0.53
4/14/16 6:15	12.75	1.93	0.72	0.62
4/14/16 7:16	12.75	1.52	0.76	0.36
4/14/16 8:06	12.75	2.75	0.62	0.41
4/14/16 9:04	12.75	1.87	0.67	0.42
4/14/16 11:02	12.75	1.61	0.62	0.46
4/14/16 12:01	12.70	1.71	0.19	0.35
4/14/16 20:06	12.75	1.59	0.77	0.64
4/14/16 21:05	12.75	1.74	0.74	0.55
4/14/16 22:04	12.75	1.73	0.97	0.48
4/14/16 23:01	12.75	1.84	0.63	0.28
4/15/16 0:07	12.75	1.5	0.36	0.14
4/15/16 1:10	12.75	2.04	1.13	0.73
4/15/16 2:04	12.75	1.64	0.89	0.74
4/15/16 3:10	12.75	1.23	0.57	0.42
4/15/16 4:00	12.75	1.73	0.84	0.56
4/15/16 5:18	12.75	2.1	0.01	0
4/15/16 6:11	12.75	1.8	0.77	0.41
4/15/16 7:16	12.75	1.78	0.73	0.43
4/15/16 8:05	12.75	1.22	0.58	0
4/15/16 9:15	12.75	1.34	1.28	0.4
4/15/16 10:14	12.75	1.58	0.83	0.15
4/15/16 11:02	12.75	1.46	0.33	0.48
4/15/16 20:28	12.75	1.64	0.73	0.37
4/15/16 21:53	12.75	1.65	0.9	0.49
4/15/16 22:20	12.75	1.7	0.96	0.47
4/15/16 23:08	12.75	1.67	0.4	0
4/16/16 0:15	12.72	1.6	1.25	0.73
4/16/16 0:59	12.75	1.69	0.75	0.01
4/16/16 1:24	12.75	1.82	0.95	0.43
4/16/16 1:57	12.75	1.81	0.98	0.53
4/16/16 2:04	12.75	1.84	1.44	0.28
4/16/16 3:00	12.75	1.92	0.2	0.44
4/16/16 3:57	12.75	1.78	0.11	0.01
4/16/16 4:02	12.73	1.53	1.19	0.62
4/16/16 4:59	12.75	1.71	1.05	0.37
4/16/16 5:16	12.75	1.15	0.71	0.04
4/16/16 6:00	12.75	1.98	0.57	0.04
4/16/16 6:05	12.75	1.73	0	0
4/16/16 6:59	12.75	1.95	0.64	0.04
4/16/16 7:17	12.75	1.39	0.75	0.45
4/16/16 7:59	12.75	1.85	0.93	0
4/16/16 9:00	12.75	1.52	0.83	0
4/16/16 10:00	12.75	1.49	0.62	0
4/16/16 10:09	12.75	1.66	0.87	0.57
4/16/16 10:59	12.75	1.95	0	0
4/16/16 11:03	12.75	1.15	0	0
4/16/16 11:11	12.75	1.43	0.98	0
4/16/16 11:22	12.75	1.47	0.7	0.6
4/16/16 11:23	12.75	1.5	0	0
4/16/16 12:38	12.75	1.27	0.14	0
4/16/16 13:04	12.75	1.49	1.08	0
4/16/16 13:17	12.75	1.89	0.67	0.69
4/16/16 14:04	12.75	1.59	0	0
4/16/16 14:21	12.75	1.76	0.37	0.2
4/16/16 15:06	12.75	1.78	0	0
4/16/16 15:07	12.75	1.6	0.43	0
4/16/16 16:12	12.75	1.71	0.5	0.36
4/16/16 16:22	12.75	1.65	0.76	0.59
4/16/16 17:07	12.75	1.49	0.87	0.38
4/16/16 17:13	12.75	1.46	0.77	0.36
4/16/16 18:13	12.75	1.6	0.68	0.28
4/16/16 18:25	12.75	2.18	0.72	0.51
4/16/16 19:03	12.75	2.03	0.57	0.3
4/16/16 19:06	12.75	1.55	0.3	0.3
4/16/16 20:05	12.75	1.65	1.03	0.71
4/16/16 20:19	12.75	1.89	0.32	0.14
4/16/16 21:04	12.75	1.7	0.8	0.35
4/16/16 21:36	12.75	1.68	0.75	0.55
4/16/16 22:16	12.75	1.78	0.82	0.72
4/16/16 22:17	12.75	2.03	0.41	0.33
4/16/16 23:06	12.75	1.95	0.43	0
4/16/16 23:21	12.75	2.14	1.67	0.62
4/16/16 23:59	12.75	2.46	0.62	0.09
4/17/16 2:59	12.75	1.82	0.92	0.17
4/17/16 3:59	12.75	1.77	0.57	0.34
4/18/16 0:08	12.75	1.67	1.38	0.67
4/18/16 1:09	12.75	1.55	1.08	0.8
4/18/16 2:01	12.75	1.72	0.37	0.22
4/18/16 3:01	12.75	1.59	1.03	0
4/18/16 4:57	12.75	1.07	0.39	0.02
4/18/16 5:59	12.75	1.81	0.44	0
4/18/16 6:59	12.75	1.55	0.37	0.06
4/18/16 7:55	12.75	1.9	0.88	0.21
4/18/16 8:58	12.75	1.9	0.94	0.08
4/18/16 9:59	12.75	1.74	0.87	0.04
4/18/16 10:59	12.75	1.59	0	0
4/18/16 11:56	12.75	1.59	1.2	0.68
4/18/16 13:47	12.75	1.98	1.14	0.74
4/18/16 14:12	12.75	1.5	1.16	0.63
4/18/16 15:03	12.75	1.68	1.03	0.45
4/18/16 16:01	12.75	1.47	0.8	0.51
4/18/16 17:27	12.75	1.63	0.94	0.37
4/18/16 17:29	12.75	1.63	0.94	0.37
4/18/16 17:32	12.75	1.63	0.94	0.37
4/18/16 18:36	12.75	1.5	0.45	0.01
4/18/16 19:06	12.75	1.69	1.36	0.7
4/18/16 20:14	12.75	1.93	0.85	0.3
4/18/16 21:06	12.75	1.82	1.17	0.69
4/18/16 21:50	12.75	1.58	0.93	0.39
4/18/16 23:13	12.75	1.58	1.29	0.96
4/19/16 0:35	12.75	2.68	1.43	0.33
4/19/16 1:32	12.75	2.43	1.74	0.78
4/19/16 3:02	12.75	1.93	0.88	0.24
4/19/16 3:04	12.75	1.88	0.57	0.14
4/19/16 4:05	12.75	1.69	1.1	0.7
4/19/16 5:02	12.75	1.22	0.1	0
4/19/16 6:14	2.75	1.65	0.52	0.46
4/19/16 7:07	12.75	1.64	0.84	0.62
4/19/16 8:15	12.75	1.71	0.72	0.69
4/19/16 9:00	12.75	1.68	0.76	0.52
4/19/16 10:00	1.50	1.5	1.2	0.57
4/19/16 10:57	12.75	1.2	0.05	0
4/19/16 11:56	12.75	1.72	0.24	0.14
4/19/16 12:59	12.75	1.67	0.46	0
4/19/16 14:00	12.75	1.87	0.87	0.27
4/19/16 14:56	12.75	1.98	0.9	0.67
4/19/16 15:59	12.75	1.87	0.47	0.71
4/19/16 16:57	12.75	1.6	0.62	0.55
4/19/16 17:57	12.75	1.9	0.76	0.12
4/19/16 18:59	12.75	1.67	0.8	0.41
4/19/16 19:59	12.75	2.13	0.87	0
4/19/16 20:56	12.75	2.62	0.53	0.28
4/19/16 21:58	12.75	2.39	0.34	0.07
4/19/16 23:20	12.75	2.22	1.79	0.96
4/20/16 4:11	12.75	1.92	0.47	0.27
4/20/16 5:12	12.75	1.84	0.055	0.3
4/20/16 8:05	12.75	2.45	1.67	0.37
4/20/16 8:10	12.75	2.08	1.5	0.28
4/20/16 9:04	12.75	1.77	1.6	0.35
4/20/16 9:57	12.75	1.6	1.2	0.46
4/20/16 13:56	13.33	1.67	0.91	0.17
4/20/16 14:31	13.33	1.08	0.44	0.5
4/20/16 15:04	13.33	1.16	0.65	0
4/20/16 16:07	13.33	2.05	1.17	0.51
4/20/16 17:07	13.33	1.22	0.45	0
4/20/16 18:12	13.33	1.97	0.35	0
4/20/16 19:06	13.33	1.11	0.91	0.18
4/20/16 20:07	13.33	1.63	0.5	0.45
4/20/16 22:08	13.33	1.58	0.89	0.33
4/20/16 22:57	13.33	1.11	0.92	0.42
4/20/16 23:58	13.33	1.21	0.79	0.01
4/21/16 0:04	12.39	1.13	0.91	0.71
4/21/16 1:08	12.39	1.71	0.92	0.48
4/21/16 2:01	12.39	1.53	0.82	0.41
4/21/16 3:04	12.39	1.52	0.64	0.33
4/21/16 10:00	13.33	1.23	0.17	0.18
4/21/16 11:15	13.33	1.82	1.02	0.83
4/21/16 12:19	13.33	1.78	0.8	0.4
4/21/16 13:38	13.33	1.84	0.63	0
4/21/16 14:55	13.33	1.45	0.37	0.14
4/21/16 15:39	13.33	1.63	0.9	0.33
4/21/16 16:07	13.33	1.74	0.69	0.35
4/21/16 17:08	13.33	1.45	0.09	0
4/21/16 18:12	13.33	1.65	0.9	0.28
4/21/16 19:06	13.33	1.7	0.83	0.17
4/21/16 20:10	13.33	1.44	0.79	0.24
4/21/16 21:12	13.33	1.67	0.8	0.11
4/21/16 21:47	13.33	1.62	0.9	0.38
4/21/16 23:01	12.39	1.62	1.05	0.35
4/22/16 2:21	12.44	1.81	0.52	0.5
4/22/16 3:11	12.44	1.86	0.43	0
4/22/16 4:04	12.39	1.73	0.55	0.2
4/22/16 5:18	12.39	0.99	0	0
4/22/16 6:04	12.39	1.62	0.41	0.12
4/22/16 7:10	12.39	1.67	0	0
4/22/16 8:12	12.39	1.63	0.43	0.19
4/22/16 9:00	12.39	1.55	0	0
4/22/16 10:10	12.39	1.56	0.63	0.54
4/22/16 10:56	12.44	1.43	0	0
4/22/16 11:59	12.44	1.52	0.21	0
4/22/16 12:58	12.44	1.21	0	0
4/22/16 13:59	12.44	1.51	0	0
4/22/16 14:57	12.44	1.25	0.38	0.15
4/22/16 16:02	12.44	1.5	0.45	0.21
4/22/16 16:58	12.44	1.38	0.94	0.21
4/22/16 17:59	12.44	1.31	1	0.02
4/22/16 18:58	12.44	1.5	0.23	0.07
4/22/16 19:59	12.44	1.35	0.55	0
4/23/16 0:06	12.44	0.92	0.9	0.19
4/23/16 1:05	12.44	1.33	0.8	0.2
4/23/16 2:07	12.44	0.76	0.16	0
4/23/16 3:09	12.44	1.09	0.28	0
4/23/16 4:08	12.44	2.86	0.47	0.02
4/23/16 5:08	12.44	2.04	0.53	0.06
4/23/16 6:19	12.44	1.98	0.63	0.15
4/23/16 7:13	12.44	1.01	0	0
4/23/16 8:06	12.44	1.09	0	0
4/23/16 9:08	12.40	1.09	0	0
4/23/16 9:37	12.44	1.47	0.5	0.09
4/23/16 11:11	12.43	1.51	1.06	0.99
4/23/16 12:14	12.44	1.18	0.57	0.34
4/23/16 13:13	1.11	1.11	0.12	0.11
4/23/16 14:15	12.44	1.43	0.02	0.03
4/23/16 15:16	12.44	1.27	0.01	0
4/23/16 16:07	12.44	1.91	0.05	0.04
4/23/16 17:10	12.44	1.26	0.16	0.14
4/23/16 18:16	12.44	1.02	0	0
4/23/16 19:07	12.44	1.32	0.26	0.19
4/23/16 20:10	12.44	1.24	0.62	0.52
4/23/16 21:04	12.44	1.56	0.61	0.53
4/23/16 21:07	12.44	1.22	0.99	0.82
4/23/16 23:13	12.44	1.03	0.91	0.24
4/24/16 4:57	12.44	1.21	0	0
4/24/16 5:04	12.44	0.74	0.46	0
4/24/16 5:58	12.44	1.21	0.33	0.21
4/24/16 6:08	12.44	1.15	0.46	0.17
4/24/16 6:59	12.44	1.67	0.54	0.14
4/24/16 7:06	12.44	1.25	0.27	0.09
4/24/16 7:59	12.44	1.8	0	0.01
4/24/16 8:04	12.44	0.97	0	0
4/24/16 8:59	12.44	1	0	0
4/24/16 9:13	12.44	0.98	0	0
4/24/16 9:49	12.44	1.02	0	0
4/24/16 9:59	12.44	1.3	0.03	0
4/24/16 10:54	12.44	1	0.48	0.02
4/24/16 11:29	12.44	1.5	0.15	0
4/24/16 11:55	12.44	1.1	0.4	0
4/24/16 12:07	12.44	1.63	0.3	0.02
4/24/16 12:56	12.44	1.02	0	0
4/24/16 13:33	12.44	1.07	0.7	0.11
4/24/16 13:58	12.44	1.15	0	0
4/24/16 14:09	12.44	1.1	0.2	0
4/24/16 14:57	12.44	1.2	0.46	0.03
4/24/16 15:08	12.44	1.16	0.44	0
4/24/16 15:58	12.44	1.48	0.54	0
4/24/16 16:02	12.44	1.03	0.37	0
4/24/16 16:11	12.44	1.03	0.29	0.05
4/24/16 16:57	12.44	1.87	0.47	0.02
4/24/16 17:32	12.44	1.3	0.45	0.11
4/24/16 17:58	12.44	1.7	0.58	0
4/24/16 18:04	12.44	0.88	0.57	0.03
4/24/16 18:56	12.44	1.85	0.81	0.07
4/24/16 19:30	12.44	1.24	0.77	0.1
4/24/16 20:16	12.44	1.15	0.23	0
4/24/16 21:33	12.44	1.45	0.37	0.12
4/24/16 21:57	12.44	0.93	0.27	0.21
4/26/16 0:56	12.44	1.29	0.06	0
4/26/16 1:04	12.44	1.44	0.21	0.03
4/26/16 1:57	12.44	1.05	0.54	0.01
4/26/16 2:58	12.44	1	0.33	0.02
4/27/16 3:31	9.77	9.28	0.59	0
4/27/16 4:00	12.44	1.1	0.21	0
4/27/16 4:58	12.44	1.64	0	0
4/27/16 5:56	12.44	1.21	0.98	0.03
4/27/16 6:57	12.44	28	2.29	1.3
4/27/16 7:59	12.44	32	2.13	1.15
4/27/16 9:59	12.44	32.33	2.17	1
4/27/16 10:01	12.44	40.14	2.97	2.13
4/27/16 12:09	12.46	22.933	0.27	0.35
4/27/16 12:28	12.44	17.69	0.05	0.05
4/27/16 12:49	12.44	17.63	0.07	0.01
4/27/16 13:17	12.46	14.03	0.11	0
4/27/16 14:25	12.44	12.47	0	0
4/27/16 15:31	9.20	12.73	0	0.04
4/27/16 16:14	7.78	13.41	0.01	0
4/28/16 0:24	12.39	1.56	1.49	0.07
4/28/16 1:15	12.39	1.1	0.99	0
4/28/16 2:13	12.39	1.04	0.3	0
4/28/16 3:29	12.39	1.71	0.73	0.15
4/28/16 5:16	9.20	2.87	0.03	0
4/28/16 5:18	9.20	11.55	0.49	0.16
4/28/16 8:10	9.22	2.2	0.36	0
4/28/16 9:20	9.22	2.1	0.38	0.03
4/28/16 10:01	9.22	1.89	0.41	0.05
4/28/16 16:58	12.20	1.55	0.86	0
4/28/16 16:59	10.84	1.98	0.32	0.03
4/28/16 17:01	10.84	1.66	0	0
4/28/16 17:03	12.08	1.24	0.06	0.06
4/28/16 17:57	12.20	1.17	0.49	0
4/28/16 18:58	12.20	1.18	0.35	0
4/28/16 19:56	12.25	1.5	0.41	0
4/28/16 20:57	12.25	1.75	0.38	0
4/28/16 21:58	12.25	1.27	0.49	0
4/28/16 23:22	12.39	2.12	0.37	0.3
4/29/16 0:58	12.26	1.33	0.09	0.03
4/29/16 2:00	12.26	1.15	0	0
4/29/16 2:58	12.26	1.19	0	0
4/29/16 4:15	12.39	1.63	0.4	0
4/29/16 5:30	12.39	1.5	0.33	0.14
4/29/16 7:02	12.39	1.45	0.2	0
4/29/16 7:05	12.39	1.7	0.8	0.27
4/29/16 9:14	12.39	1.27	0.49	0
4/29/16 9:54	12.39	1.3	0.5	0.11
4/29/16 11:09	12.39	1.29	0.7	0.44
4/29/16 12:18	11.91	1.17	0.84	0.22
4/29/16 13:06	11.14	1.09	0.72	0.04
4/29/16 22:55	12.26	1.16	0.02	0.01
4/29/16 23:56	12.26	1.2	0	0
4/30/16 4:00	12.26	1.89	0.03	0
4/30/16 4:57	12.26	1	0.07	0.03
5/1/16 0:02	12.26	1.41	0.31	0.01
5/1/16 0:29	12.26	1.1	0.51	0.03
5/1/16 1:10	12.26	1.34	0.17	0.01
5/1/16 1:25	12.26	1.4	0.32	0.01
5/1/16 2:01	12.26	1.22	0.19	0
5/1/16 2:05	12.26	1.3	0.25	0
5/1/16 3:05	12.26	1.2	0.2	0
5/1/16 3:36	12.26	1.02	0	0
5/1/16 5:06	12.26	1.32	0.11	0
5/1/16 5:56	12.26	1.25	0.04	0.03
5/1/16 6:07	12.26	1.04	0	0
5/1/16 6:58	12.26	1.26	0	0
5/1/16 7:00	12.26	1.17	0.21	0
5/1/16 7:03	12.26	1.13	0	0
5/1/16 8:13	12.26	1.08	0.01	0
5/1/16 8:56	12.26	1.1	0	0
5/1/16 9:15	12.26	1.12	0.16	0
5/1/16 9:58	12.26	1.71	0.03	0
5/1/16 9:59	12.26	1.59	0	0
5/1/16 10:56	12.26	1.47	0	0
5/1/16 11:15	12.26	1.67	0.31	0
5/1/16 11:58	12.26	1.86	0.03	0
5/1/16 12:22	12.26	0.86	0.04	0
5/1/16 12:59	12.26	1.54	0	0
5/1/16 13:07	12.26	0.91	0	0
5/1/16 13:58	12.26	1.77	0	0
5/1/16 14:18	12.26	0.96	0.03	0
5/1/16 14:59	12.26	1.84	0	0
5/1/16 15:20	12.26	0.78	0.11	0.01
5/1/16 15:56	12.26	1.87	0.1	0
5/1/16 16:16	12.26	0.97	0.02	0
5/1/16 16:57	12.26	1.99	0.18	0
5/1/16 17:20	12.26	0.63	0	0
5/1/16 17:59	12.26	1.84	0.25	0
5/1/16 18:14	12.26	0.73	0.27	0.13
5/1/16 18:57	12.26	1.15	0.03	0
5/1/16 19:08	12.26	0.83	0	0.02
5/1/16 19:58	12.26	1.02	0	0
5/1/16 20:18	12.26	0.99	0.01	0
5/1/16 20:57	12.26	1.5	0.33	0
5/1/16 21:46	12.26	0.84	0.09	0.01
5/1/16 21:59	12.26	1.77	0.01	0
5/1/16 22:01	12.26	1	0.55	0
5/1/16 23:12	12.26	1.14	0.45	0.2
5/1/16 23:28	12.26	1.2	0	0
5/2/16 0:59	12.26	1.65	0.33	0
5/2/16 4:08	12.26	0.67	0	0
5/2/16 4:14	12.26	1.37	0.13	0
5/2/16 5:05	12.26	0.9	0	0
5/2/16 6:17	12.26	0.87	0	0
5/2/16 8:26	12.26	0.63	0.01	0
5/2/16 8:34	12.26	0.73	0.1	0.02
5/2/16 10:03	12.26	1.07	0	0
5/2/16 22:55	12.26	1.62	0	0
5/2/16 23:56	12.26	1.25	0.14	0
5/3/16 0:11	12.26	1.07	0.22	0.01
5/3/16 1:13	12.26	1.13	0.16	0
5/3/16 2:08	12.26	1.49	0.18	0
5/3/16 2:59	12.26	1.18	0.32	0
5/3/16 3:01	12.26	1.6	0.23	0.03
5/3/16 3:05	12.26	1.2	0.21	0
5/3/16 3:57	12.26	1.76	0	0
5/3/16 4:58	12.26	1.66	0	0
5/3/16 5:56	12.26	1.34	0.21	0
5/3/16 7:59	12.26	1.56	0	0
5/3/16 8:01	12.26	1.44	0.03	0
5/3/16 8:54	12.26	0.8	0.03	0
5/3/16 10:56	12.26	0.99	0.01	0
5/3/16 11:05	12.26	0.87	0.14	0.01
5/3/16 12:16	12.26	0.67	0	0
5/3/16 13:09	12.26	1.07	0.21	0.02
5/3/16 15:17	12.26	0.51	0	0
5/3/16 15:53	12.26	0.28	0	0
5/3/16 16:51	12.26	0.63	0	0
5/3/16 17:06	12.26	0.87	0.06	0
5/3/16 18:34	12.26	0.72	0.64	0.09
5/3/16 19:18	12.26	0.92	0.63	0.18
5/3/16 20:11	12.26	0.88	0.7	0
5/3/16 21:53	12.26	1.04	0.88	0.12
5/3/16 23:08	12.26	1.08	0.28	0.02
5/4/16 0:20	12.39	0.87	0.2	0.01
5/4/16 1:17	12.39	1.32	0.5	0.01
5/4/16 2:08	12.39	1.21	0.38	0
5/4/16 3:08	12.39	1.2	0.17	0
5/4/16 4:13	12.44	1.09	0	0
5/4/16 5:04	12.44	1.18	0	0
5/4/16 6:01	12.44	1.03	0	0
5/4/16 7:08	12.44	1.41	0.02	0
5/4/16 8:05	12.44	1.61	0.11	0
5/4/16 9:15	12.44	1.55	0	0
5/4/16 10:04	12.44	1.08	0.04	0
5/4/16 10:59	12.44	1	0	0
5/4/16 11:57	12.44	1.98	0	0
5/4/16 12:58	12.44	1.87	0.01	0
5/4/16 14:00	12.44	1.15	0.03	0
5/4/16 14:57	12.44	1.2	0.14	0
5/4/16 15:59	12.44	1	0.33	0.01
5/4/16 16:58	12.44	1.17	0.21	0.03
5/4/16 18:00	12.44	1.21	0.07	0.02
5/4/16 18:58	12.44	1.72	0.01	0.01
5/4/16 19:59	12.44	1.24	0.6	0.01
5/4/16 20:57	12.44	1.14	0.21	0
5/4/16 21:58	12.44	1.42	0.03	0
5/4/16 23:03	12.39	0.98	0.14	0
5/5/16 0:58	12.44	1.76	0	0
5/5/16 1:59	12.44	1.33	0.07	0
5/5/16 2:59	12.44	1.15	0.02	0
5/5/16 6:41	12.39	1.05	0.14	0
5/5/16 6:47	12.39	1.16	0	0
5/5/16 7:30	12.39	1.26	0.03	0
5/5/16 8:02	12.39	0.71	0	0
5/5/16 9:08	12.39	0.63	0	0
5/5/16 10:09	12.39	0.7	0.01	0
5/5/16 11:11	12.39	1.48	0.64	0
5/5/16 18:12	12.26	1.58	0.26	0
5/5/16 19:08	12.26	1.2	0.43	0
5/5/16 20:03	12.26	1.15	0.59	0
5/5/16 21:04	12.26	1.34	0.48	0
5/5/16 22:01	12.26	1.54	0.61	0
5/5/16 22:58	12.44	1.49	0.01	0
5/5/16 23:59	12.44	1.57	0.03	0
5/6/16 0:07	12.44	1.86	0.59	0
5/6/16 1:03	12.44	1.44	0.54	0.02
5/6/16 2:09	12.44	1.52	0.66	0
5/6/16 3:02	12.44	1.22	0.34	0
5/6/16 3:59	12.44	1	0	0
5/6/16 4:58	12.44	1.41	0.03	0
5/6/16 5:59	12.44	1.8	0	0
5/6/16 6:57	12.44	1.03	0.33	0.03
5/6/16 7:59	12.44	0.98	0.21	0.07
5/6/16 8:59	12.44	1.95	0.44	0.01
5/6/16 9:59	12.44	1.76	0	0
5/6/16 11:07	12.44	0.63	0	0
5/6/16 12:18	12.44	0.58	0	0.01
5/6/16 13:34	12.44	1.04	0.53	0.1
5/6/16 14:11	12.44	0.9	0.65	0.07
5/6/16 15:53	12.44	1.19	0.01	0
5/6/16 16:20	12.44	1.14	0	0
5/6/16 17:14	12.44	0.87	0.01	0
5/6/16 18:18	12.44	1.01	0	0
5/6/16 19:02	12.44	0.98	0	0
5/6/16 20:07	12.44	0.85	0.01	0
5/6/16 21:20	12.44	0.43	0	0
5/6/16 21:54	12.44	0.04	0	0
5/6/16 23:07	12.44	1.32	0.54	0
5/7/16 0:03	12.08	1.171	0.42	0.07
5/7/16 1:33	12.08	0.95	0.14	0
5/7/16 2:16	12.08	0.89	0	0
5/7/16 3:31	12.08	0.86	0	0
5/7/16 4:13	12.44	1.3	0.47	0
5/7/16 5:04	12.44	1.18	0.3	0
5/7/16 6:13	12.44	1.43	0.43	0
5/7/16 7:04	12.44	1.38	0.55	0
5/7/16 8:15	12.44	1.31	0	0
5/7/16 9:16	12.44	1.27	0.19	0
5/7/16 10:01	12.44	1.16	0.46	0
5/7/16 10:56	11.91	1	0	0
5/7/16 11:57	12.91	1.05	0.03	0
5/7/16 12:58	12.08	1.08	0.19	0
5/7/16 13:57	12.08	1.41	0.33	0
5/7/16 14:58	12.08	1.75	0.41	0.01
5/7/16 16:01	12.08	1.67	0.4	0.03
5/7/16 16:59	12.08	1.86	0.46	0
5/7/16 17:58	12.08	1.97	0	0
5/7/16 18:58	12.08	1.12	0.21	0
5/7/16 19:59	12.08	1.06	0.15	0
5/7/16 20:57	12.08	1.41	0.33	0
5/7/16 21:58	12.08	1.52	0.66	0
5/7/16 23:32	12.08	1.34	0.58	0.18
5/8/16 0:59	12.08	1.39	0	0.01
5/8/16 1:58	12.08	1.21	0	0
5/8/16 2:00	12.08	1.11	0	0
5/8/16 3:59	12.08	1.29	0	0
5/8/16 4:11	12.08	0.93	0.02	0
5/8/16 5:29	12.08	0.1	0	0
5/8/16 6:02	12.08	0.11	0	0
5/8/16 7:47	12.08	0.3	0	0
5/8/16 9:01	12.08	0.3	0	0
5/8/16 9:05	12.08	0.45	0.01	0
5/8/16 9:59	12.08	0.96	0.2	0
5/8/16 11:16	12.08	1.12	0	0
5/8/16 12:05	12.24	1.45	0	0
5/8/16 13:13	12.08	1.72	0.02	0
5/8/16 14:21	12.08	1.87	0.33	0
5/8/16 15:03	12.08	1.18	0.32	0
5/8/16 16:03	12.08	1.45	0.4	0
5/8/16 17:10	12.08	1.25	0.34	0.01
5/8/16 18:03	12.08	1.24	0.49	0
5/8/16 19:12	12.08	1.31	0.76	0
5/8/16 20:01	12.08	1.3	0.55	0.01
5/8/16 21:02	12.08	1.58	0.46	0.02
5/8/16 22:01	12.08	1.5	0.61	0
5/8/16 22:57	12.08	1.41	0	0.01
5/8/16 23:58	12.08	1.2	0.12	0.03
5/9/16 0:02	12.08	1.07	0.33	0
5/9/16 1:01	12.08	1.4	0	0
5/9/16 2:29	12.08	1.12	0	0
5/9/16 2:58	12.08	1.17	0	0
5/9/16 11:09	12.08	1.33	0.58	0.01
5/9/16 12:30	12.08	0.38	0	0
5/9/16 13:12	12.08	0.01	0	0
5/9/16 14:28	12.08	0.89	0	0
5/9/16 15:21	12.08	0.93	0	0
5/9/16 16:05	12.08	0.87	0.02	0
5/9/16 17:10	12.08	0.92	0	0
5/9/16 18:12	12.08	0.85	0.14	0
5/9/16 19:02	12.08	0.63	0	0
5/9/16 20:05	12.08	0.76	0.04	0
5/9/16 21:14	12.08	0.54	0	0
5/9/16 21:57	12.08	0.76	0	0
5/9/16 23:03	12.08	1.37	0.45	0
5/10/16 0:59	12.08	0.99	0	0
5/10/16 1:01	12.08	1.14	0.01	0
5/10/16 2:16	12.08	1.02	0	0
5/10/16 2:41	12.08	1	0.001	0
5/10/16 4:04	12.08	1.14	0	0
5/10/16 4:58	12.08	1	0	0
5/10/16 5:11	12.08	1.27	0	0
5/10/16 5:59	12.08	1.09	0.03	0
5/10/16 6:12	12.08	1.11	0	0
5/10/16 6:58	12.08	1.14	0.07	0.01
5/10/16 7:04	12.08	1.06	0	0
5/10/16 8:00	12.08	1.08	0.14	0
5/10/16 8:58	12.08	1.41	0.08	0
5/10/16 9:01	12.08	1.19	0	0
5/10/16 9:32	12.08	1.24	0	0
5/10/16 9:59	12.08	1.45	0	0
5/10/16 10:08	12.08	1.06	0.05	0
5/10/16 10:57	12.08	1.16	0.16	0
5/10/16 11:58	12.08	1.9	0.07	0
5/10/16 12:59	12.08	1.13	0	0
5/10/16 13:57	12.08	1.08	0.03	0
5/10/16 14:58	12.08	1.15	0	0
5/10/16 15:59	12.08	1.21	0.15	0
5/10/16 16:57	12.08	1.1	0.07	0
5/10/16 17:58	12.08	1.03	0.03	0
5/10/16 18:57	12.08	1.13	0.02	0
5/10/16 19:58	12.08	1.2	0	0
5/10/16 20:58	12.08	1.07	0.04	0
5/10/16 21:59	12.08	1	0.01	0
5/10/16 23:01	12.08	1.13	0	0
5/11/16 0:58	12.08	1.21	0	0
5/11/16 1:59	12.08	1.13	0.03	0
5/11/16 2:59	12.08	1.07	0.02	0
5/11/16 3:59	12.08	1.01	0	0
5/11/16 4:28	2.08	1.13	0	0
5/11/16 5:46	12.08	1	0.02	0
5/11/16 6:14	12.08	0.97	0.1	0
5/11/16 7:18	12.08	1.05	0.02	0
5/11/16 8:15	12.08	1.2	0.03	0
5/11/16 9:18	12.08	0.97	0	0
5/11/16 9:57	12.08	0	0	0
5/11/16 15:13	12.08	1	0	0
5/11/16 16:05	12.08	1.88	0	0
5/11/16 17:02	12.08	1.01	0	0
5/11/16 18:11	12.08	1.05	0	0
5/11/16 19:13	12.08	1.23	0.22	0
5/11/16 20:17	12.08	1.12	0.34	0
5/11/16 21:05	12.08	1.16	0	0
5/11/16 22:03	12.08	1.1	0.07	0.04
5/11/16 23:00	12.08	1	0.65	0
5/11/16 23:57	12.08	1.18	0.41	0
5/12/16 0:09	12.08	1.11	0.57	0.01
5/12/16 1:06	12.08	1.34	0.47	0.29
5/12/16 2:05	12.08	1.09	0.25	0
5/12/16 3:16	12.08	1.19	0.44	0
5/12/16 4:59	12.08	1.12	0	0
5/12/16 6:00	12.08	1.33	0.04	0
5/12/16 6:57	12.08	1.17	0.08	0
5/12/16 7:59	12.08	1.44	0.02	0
5/12/16 8:58	12.08	0.9	0	0
5/12/16 9:59	12.08	1.02	0.01	0
5/12/16 11:27	12.08	0.13	0	0
5/12/16 12:18	12.08	0.78	0.39	0
5/12/16 13:43	12.08	0.54	0	0
5/12/16 14:11	12.08	0.7	0	0
5/12/16 15:39	12.08	0.87	0.13	0
5/12/16 16:14	12.08	0.83	0.35	0
5/12/16 17:27	12.08	0.9	0.08	0
5/12/16 18:01	12.08	1.13	0.41	0.01
5/12/16 20:02	12.08	1.03	0.2	0
5/12/16 20:26	12.08	0.5	0.47	0.01
5/12/16 21:09	12.08	0.68	0.22	0
5/12/16 21:45	12.08	0.77	0	0
5/12/16 23:07	12.08	1.26	0	0
5/13/16 0:07	12.08	1	0	0
5/13/16 1:19	12.08	0.97	0	0
5/13/16 2:02	12.08	1.18	0.3	0
5/13/16 3:00	12.08	0.87	0.14	0.01
5/13/16 4:03	12.08	1.12	0.33	0
5/13/16 5:03	12.08	1.24	0	0
5/13/16 6:00	12.08	1.03	0.16	0
5/13/16 7:03	12.08	1.98	0	0
5/13/16 8:11	12.08	1.39	0	0
5/13/16 9:18	12.08	1.01	0	0
5/13/16 10:06	12.08	1.09	0	0
5/13/16 11:01	12.08	1	0	0
5/13/16 11:58	12.08	1.04	0	0
5/13/16 12:59	12.08	1.07	0	0
5/13/16 13:56	12.08	1.18	0	0
5/13/16 14:56	12.08	1.08	0.07	0
5/13/16 16:58	12.08	1.21	0.14	0
5/13/16 17:29	12.08	1.14	0.04	0
5/13/16 17:59	12.08	1.32	0.2	0
5/13/16 18:58	12.08	0.85	0.33	0.03
5/13/16 19:59	12.08	1.15	0.25	0.18
5/13/16 20:59	12.08	1.8	0.12	0
5/13/16 22:00	12.08	2.13	0.15	0
5/13/16 23:27	12.08	1.02	0.01	0
5/14/16 4:04	12.08	0.093	0	0
5/14/16 5:06	12.08	1.02	0.23	0
5/14/16 5:25	12.08	0.89	0	0
5/14/16 6:06	12.08	1.19	0.44	0
5/14/16 7:04	12.08	1.37	0	0
5/14/16 7:31	12.08	0.93	0.11	0
5/14/16 7:33	12.08	0.83	0.07	0
5/14/16 8:12	12.08	1.33	0.77	0.03
5/14/16 8:28	12.08	1	0.2	0
5/14/16 9:04	12.08	1.17	0.12	0
5/14/16 9:14	12.08	1.08	0.13	0.01
5/14/16 9:57	12.08	1.13	0	0
5/14/16 10:03	12.08	1.35	0.17	0
5/14/16 11:00	12.08	1.07	0.2	0.03
5/14/16 11:05	12.08	1.07	0.36	0
5/14/16 11:57	12.08	1.26	0.23	0.15
5/14/16 12:06	12.08	1.18	0.3	0
5/14/16 12:58	12.08	1.45	0	0
5/14/16 13:07	12.08	1.95	0.01	0
5/14/16 13:59	12.08	1.38	0	0
5/14/16 14:02	12.08	1.23	0	0
5/14/16 14:58	12.08	0.74	0.07	0
5/14/16 15:03	12.08	1.07	0	0
5/14/16 15:59	12.08	1.6	0.03	0
5/14/16 16:03	12.08	1.15	0.44	0
5/15/16 0:08	12.08	0.92	0.63	0.16
5/15/16 0:59	12.08	1.24	0.64	0
5/15/16 1:53	12.08	0.8	0.14	0
5/15/16 4:57	12.08	1.3	0	0
5/15/16 5:58	12.08	1.24	0.01	0
5/15/16 6:59	12.08	1.48	0.05	0.01
5/15/16 11:59	12.08	1.28	0	0
5/15/16 12:58	12.08	1.15	0.16	0
5/15/16 13:59	12.08	1.07	0.14	0
5/15/16 15:05	12.08	1.02	0.03	0
5/15/16 16:19	12.08	1.2	0	0
5/15/16 17:05	12.08	1.02	0.61	0
5/15/16 18:45	12.08	0.94	0.27	0
5/15/16 19:15	12.08	0.98	0	0
5/15/16 20:11	12.08	0.99	0.11	0
5/15/16 21:10	12.08	1.04	0	0
5/15/16 23:13	12.08	0.94	0	0
5/16/16 0:58	12.08	1.2	0.01	0
5/16/16 1:59	12.08	1.14	0.22	0
5/16/16 3:02	12.08	1.26	0.74	0
5/16/16 4:13	12.21	1.22	0.67	0
5/16/16 5:37	12.21	1.09	0.37	0
5/16/16 6:13	12.21	1	0.22	0
5/16/16 7:04	12.21	1.27	0.13	0
5/16/16 8:02	12.08	1.4	0	0
5/16/16 9:06	12.08	1.37	0	0
5/16/16 10:01	12.08	1.12	0	0
5/16/16 11:03	12.08	1.34	0	0
5/16/16 12:10	12.08	1.45	0	0
5/16/16 13:13	12.08	1.42	0	0
5/16/16 14:05	12.08	1.45	0	0
5/16/16 14:57	12.08	1.21	0	0
5/16/16 17:59	12.08	1.6	0.01	0
5/16/16 18:00	12.08	1.06	0	0
5/16/16 18:01	12.08	1.34	0.03	0
5/16/16 18:58	12.08	1.64	0.1	0
5/16/16 19:57	12.08	1.16	0.21	0
5/16/16 20:59	12.08	1.66	0.8	0
5/16/16 21:57	12.08	1.94	0.11	0
5/16/16 22:58	12.08	1.01	0.19	0
5/16/16 23:59	12.08	1.17	0	0
5/17/16 0:07	12.24	1.85	0.34	0.01
5/17/16 1:00	12.26	2.02	0.51	0.1
5/17/16 2:02	12.26	1.73	0.72	0.08
5/17/16 2:58	12.25	1.84	0.45	0.22
5/17/16 4:00	12.25	1.21	0.31	0.29
5/17/16 4:58	12.25	1.4	0.38	0
5/17/16 5:59	12.25	1.94	0.21	0
5/17/16 9:07	12.21	1.17	0.3	0
5/17/16 9:09	12.21	1.22	0.42	0
5/17/16 10:16	12.21	2.14	1.18	0.41
5/17/16 11:15	12.21	2.21	0.59	0.17
5/17/16 12:02	12.21	2.2	0.45	0.11
5/17/16 13:20	12.21	2.56	0.64	0.22
5/17/16 13:51	12.21	2.59	2.36	0.5
5/17/16 15:11	12.26	2.57	0.51	0.04
5/17/16 16:14	12.26	2.55	0.98	0.58
5/17/16 17:00	12.26	1.96	0.98	0.51
5/17/16 18:02	12.26	1.59	0.42	0
5/17/16 19:03	12.26	1.74	0.33	0.01
5/17/16 20:03	12.26	2.35	1.01	0.07
5/17/16 21:13	12.26	2.1	0	0
5/17/16 22:10	12.26	1.8	0	0
5/17/16 23:09	12.26	1.64	0.13	0
5/18/16 0:06	12.25	1.02	0.38	0
5/18/16 1:05	12.25	0.95	0.29	0
5/18/16 1:55	12.25	0.94	0.14	0
5/18/16 8:59	12.25	1.43	0.63	0.61
5/18/16 9:59	12.25	1.69	0.38	0.01
5/18/16 10:57	12.25	1.15	0.17	0
5/18/16 11:58	12.25	1.99	0.39	0
5/18/16 12:59	12.25	1.27	0.01	0
5/18/16 14:00	12.25	1.45	0.39	0
5/18/16 15:13	12.25	0.45	0.8	0.23
5/18/16 16:24	12.25	1.06	0.56	0
5/18/16 17:06	12.25	0.83	0.75	0
5/18/16 18:19	12.25	0.76	0.6	0
5/18/16 18:57	12.25	1.42	0.39	0.47
5/18/16 19:59	12.25	1.69	0.45	0.56
5/18/16 20:27	12.25	0.8	0.63	0
5/18/16 21:07	12.25	0.77	0.52	0
5/18/16 22:06	12.25	0.95	0.6	0
5/18/16 23:28	12.25	1.13	0.45	0
5/19/16 0:59	12.25	1.52	0.11	0
5/19/16 3:38	12.25	1.43	0.49	0
5/19/16 4:15	12.25	1.31	1.14	0
5/19/16 5:23	12.39	1.27	1.11	0
5/19/16 6:18	12.39	1.29	0.88	0
5/19/16 7:06	12.39	0.41	0.1	0
5/19/16 12:06	12.25	1.96	0.15	0
5/19/16 13:04	12.25	1.68	0	0
5/19/16 14:02	12.25	1.47	0	0
5/19/16 14:57	12.25	1.66	0.64	0
5/19/16 15:58	12.25	1.74	0.14	0
5/19/16 15:59	12.25	1.69	0.01	0
5/19/16 16:58	12.25	1.69	0.01	0
5/19/16 17:57	12.25	1.94	0.06	0
5/19/16 18:58	12.25	1.46	0.03	0.01
5/19/16 19:59	12.25	1.52	0.13	0
5/19/16 20:58	12.25	1.07	0	0
5/19/16 21:59	12.25	1.62	0.03	0
5/19/16 22:58	12.25	1.25	0.02	0
5/19/16 23:59	12.25	1.1	0.35	0
5/20/16 0:04	12.39	1.55	0.05	0
5/20/16 1:05	12.39	1.67	0.28	0
5/20/16 2:01	12.39	1.65	0	0
5/20/16 3:58	12.26	1.27	0.63	0
5/20/16 3:59	12.26	1.35	0.7	0
5/20/16 4:55	12.26	1.76	0	0
5/20/16 5:59	12.26	1.86	0	0
5/20/16 6:58	12.26	1.54	0.03	0
5/20/16 9:32	12.39	0.47	0.38	0
5/20/16 9:36	12.39	0.57	0.27	0
5/20/16 10:24	12.39	1.34	0.6	0
5/20/16 12:10	12.39	1.18	0.67	0
5/20/16 12:20	12.39	1.35	0.83	0
5/20/16 13:26	12.39	0.94	0.57	0
5/20/16 13:55	12.39	0.7	0.42	0
5/20/16 15:09	12.39	1.61	0.18	0
5/20/16 16:03	12.39	1.59	0.09	0
5/20/16 17:13	12.39	1.33	0	0
5/20/16 18:05	12.39	1.76	0	0
5/20/16 18:59	12.39	1.17	0	0
5/20/16 20:06	12.35	1.28	0.07	0.04
5/20/16 21:15	12.39	1.18	0.01	0
5/20/16 22:03	12.39	1.04	0.04	0
5/20/16 23:06	12.39	1.52	0.69	0.13
5/21/16 8:02	12.26	1.38	0.01	0
5/22/16 0:01	12.26	735	0.03	0
5/22/16 0:39	12.25	0.84	0.3	0.01
5/22/16 0:59	12.26	1.06	0.67	0.23
5/22/16 0:59	12.26	1.1	0	0
5/22/16 1:41	12.25	1.01	0.39	0
5/22/16 1:59	12.26	1.32	0.97	0.63
5/22/16 2:00	12.25	1.14	0.4	0.07
5/22/16 3:25	12.26	1.84	0.64	0.24
5/22/16 3:30	12.25	0.79	0.87	0.16
5/22/16 4:04	12.25	0.87	0.7	0.01
5/22/16 4:05	12.26	1.52	0.56	0
5/22/16 5:10	12.26	1.68	0.33	0.05
5/22/16 6:10	12.26	1.65	0	0
5/22/16 6:19	12.25	1.02	0.58	0
5/22/16 7:00	12.26	1.77	0	0
5/22/16 7:04	12.25	1.28	0.4	0.03
5/22/16 8:59	12.26	1.25	0.2	0
5/22/16 9:59	12.26	1.15	0.12	0
5/22/16 13:59	12.26	0.94	0	0
5/22/16 14:58	12.26	1.73	0	0
5/22/16 15:10	12.25	1.16	0.46	0.08
5/22/16 15:59	12.26	1.66	0.09	0
5/22/16 16:07	12.25	0.97	0.28	0
5/22/16 17:00	12.26	1.68	0.01	0
5/22/16 17:13	12.25	1.13	0.41	0
5/22/16 17:58	12.26	1.09	0.27	0
5/22/16 18:54	12.25	0.91	0.44	0.01
5/22/16 19:00	12.26	1.16	0.15	0
5/22/16 19:03	12.25	0.97	0.43	0
5/22/16 19:59	12.26	1.52	0.24	0
5/22/16 20:12	12.25	1.03	0.47	0
5/22/16 20:59	12.26	1.05	0.41	0.3
5/22/16 21:16	12.25	1	0.38	0
5/22/16 21:58	12.26	1.1	0.92	0
5/22/16 22:22	12.25	1.26	0.63	0.08
5/22/16 22:58	12.26	1.21	0	0
5/22/16 22:59	12.26	1	0.75	0
5/22/16 23:27	12.25	0.94	0.64	0
5/22/16 23:58	12.26	1.3	0.66	0
5/23/16 0:09	12.26	1.95	0.44	0
5/23/16 1:10	12.26	1.72	0.3	0
5/23/16 2:03	12.26	1.82	0.02	0
5/23/16 2:58	12.26	1.68	0.51	0.27
5/23/16 3:59	12.26	1.48	0.46	0.16
5/23/16 4:58	12.26	1.56	0.01	0
5/23/16 5:59	12.26	1.38	0.17	0
5/23/16 6:58	12.26	1.14	0.19	0
5/23/16 7:57	12.26	1.18	0.15	0
5/23/16 8:00	12.26	1.03	0	0
5/23/16 8:35	12.25	1.08	0.43	0.01
5/23/16 9:13	12.26	1.37	0	0
5/23/16 10:01	12.26	1.39	0	0
5/23/16 10:19	12.25	1.34	0.53	0.02
5/23/16 10:21	12.25	1.27	0.43	0
5/23/16 11:02	12.26	1.4	0	0
5/23/16 11:36	12.25	1.14	0.6	0
5/23/16 12:12	12.26	1.53	0	0
5/23/16 12:21	12.25	1.12	0.68	0
5/23/16 13:03	12.26	1.12	0	0
5/23/16 13:14	12.25	1.07	0.7	0.16
5/23/16 14:02	12.25	1.11	0.02	0
5/23/16 14:03	12.26	1.62	0	0
5/23/16 15:07	12.26	1.43	0.77	0.15
5/23/16 16:28	12.26	2.03	0.81	0.47
5/23/16 17:02	12.26	1.87	0	0
5/23/16 18:04	12.26	1.35	0	0
5/23/16 19:18	12.26	1.83	0	0
5/23/16 21:13	12.26	1.1	0.43	0.33
5/23/16 22:06	12.26	2	0.2	0.01
5/23/16 23:07	12.26	2.03	0.18	0.05
5/24/16 0:07	12.25	1.17	0.54	0
5/24/16 1:14	12.25	1.27	0.98	0.3
5/24/16 1:54	12.25	1.36	0.94	0.28
5/24/16 3:01	12.26	1.91	0.31	0.19
5/24/16 4:03	12.26	1.34	0.18	0
5/24/16 5:10	12.26	1.72	0.06	0
5/24/16 6:17	12.26	1.8	0	0
5/24/16 8:58	12.26	1.46	0	0
5/24/16 9:59	12.26	1.35	0	0
5/24/16 11:59	12.26	1.48	0	0
5/24/16 12:01	12.26	1.21	0	0
5/24/16 12:59	12.26	1.19	0	0
5/24/16 13:59	12.26	1.71	0	0
5/24/16 16:23	12.25	0.89	0.63	0
5/24/16 16:49	12.25	0.9	0.7	0
5/24/16 17:42	12.25	1.24	0.68	0
5/24/16 18:08	12.25	0.57	0.7	0
5/24/16 19:27	12.25	1.11	0.84	0.02
5/24/16 20:02	12.25	1.25	0.5	0
5/24/16 21:08	12.25	1.35	0.68	0.16
5/24/16 22:01	12.25	1.23	0.47	0
5/24/16 23:27	12.25	1.37	0.72	0
5/25/16 0:58	12.26	1	0.94	0
5/25/16 1:59	12.26	1.32	0.52	0
5/25/16 3:19	12.25	1.01	1.26	0.32
5/25/16 4:04	12.25	1.46	0.89	0.01
5/25/16 5:00	12.25	1.27	0.78	0
5/25/16 6:15	12.25	1.02	0.7	0
5/25/16 7:07	12.26	1.18	0	0
5/25/16 7:11	12.25	1.46	0.27	0
5/25/16 8:08	12.26	1.92	0	0
5/25/16 10:32	12.26	1.55	0	0
5/25/16 11:01	12.26	1.86	0	0
5/25/16 12:11	12.26	1.38	0	0
5/25/16 14:01	12.26	1.79	0	0
5/25/16 14:58	12.26	1.05	0	0
5/25/16 16:59	12.26	1.12	0	0
5/25/16 17:59	12.26	1.17	0.02	0.01
5/25/16 18:52	12.26	1.88	0.25	0
5/25/16 19:58	12.26	1.35	0.13	0
5/25/16 20:57	12.26	1.55	0.21	0
5/25/16 21:58	12.26	1.65	0.02	0
5/25/16 22:56	12.26	1.43	1.13	0
5/25/16 23:57	12.26	1.38	1.09	0
5/26/16 0:07	12.26	2.09	0.37	0.02
5/26/16 1:02	12.26	1.46	0.23	0
5/26/16 2:01	12.26	1.09	0.01	0
5/26/16 2:58	12.26	2.75	1.03	0
5/26/16 3:59	12.26	2.01	0.95	0
5/26/16 5:57	12.26	2.04	0.5	0.49
5/26/16 6:58	12.26	1.68	0.61	0.36
5/26/16 7:57	12.26	1.67	0.71	0.43
5/26/16 8:04	12.25	1.42	0.65	0.25
5/26/16 9:43	12.25	1.39	0.63	0
5/26/16 10:41	12.25	1.47	0.57	0
5/26/16 11:13	12.25	1.04	0.38	0
5/26/16 12:38	12.25	1.54	0.58	0
5/26/16 12:55	12.25	0.75	0.01	0
5/26/16 13:54	12.25	0.98	0.63	0
5/26/16 15:05	12.26	1.82	0.01	0
5/26/16 16:06	12.26	1.8	0.02	0
5/26/16 16:58	12.26	1.86	0.62	0.32
5/26/16 17:07	12.26	1.75	0	0
5/26/16 18:00	12.26	1.94	0.21	0
5/26/16 19:15	12.26	1.76	0.1	0
5/26/16 20:32	12.26	1.33	0.17	0
5/26/16 21:01	12.26	1.08	0.01	0
5/26/16 22:01	12.26	1.45	0.11	0
5/26/16 23:03	12.26	1.68	0.09	0
5/27/16 0:19	12.25	1.44	0.84	0.14
5/27/16 1:05	12.25	1.32	0.67	0.02
5/27/16 2:10	12.25	1.5	0.75	0
5/27/16 3:02	12.26	1.67	0.11	0
5/27/16 4:08	12.26	1.66	0.15	0
5/27/16 5:09	12.26	1.93	0	0
5/27/16 6:00	12.26	1.07	0	0
5/27/16 7:05	12.26	1.92	0	0
5/27/16 8:57	12.26	1.41	0.5	0.04
5/27/16 9:58	12.26	1.51	0.46	0.09
5/27/16 10:57	12.26	1.69	0.7	0.03
5/27/16 11:58	12.26	1.36	0.2	0
5/27/16 12:59	12.26	1.14	0.18	0
5/27/16 13:59	12.26	1.52	0	0
5/27/16 15:39	12.25	1.37	0.02	0
5/27/16 16:32	12.25	1.4	0.11	0
5/27/16 17:00	12.25	1.27	0.46	0
5/27/16 18:22	12.25	1.51	0	0
5/27/16 22:23	12.25	1.24	0.14	0.2
5/27/16 23:21	12.25	1.18	0.2	0
5/28/16 0:59	12.26	1.2	0.42	0
5/28/16 1:59	12.26	1.42	0.62	0
5/28/16 3:10	12.25	1.47	0.5	0.09
5/28/16 4:12	12.25	1.4	0.47	0.01
5/28/16 5:36	12.25	1.26	0.39	0.04
5/28/16 6:19	12.25	1.33	1.03	0.38
5/28/16 6:57	12.25	1	0.99	0
5/28/16 8:03	12.26	1.58	0	0
5/28/16 9:27	12.26	1.02	0	0
5/28/16 10:06	12.26	1.3	0	0
5/28/16 11:07	12.26	1.56	0	0
5/28/16 12:03	12.26	1.97	0	0
5/28/16 13:29	12.26	1.41	0.19	0
5/28/16 14:01	12.26	1.2	0	0
5/28/16 14:58	12.26	1.19	0	0
5/28/16 15:59	12.26	1.14	0	0
5/28/16 16:57	12.26	1.17	0.85	0
5/28/16 17:58	12.26	1.59	0.34	0
5/28/16 18:59	12.26	1.64	0.38	0
5/28/16 19:58	12.26	1.19	0.25	0.27
5/28/16 20:59	12.26	1.25	0.41	0.03
5/28/16 21:58	12.26	1.43	0	0
5/28/16 22:59	12.26	1.51	0	0
5/28/16 23:59	12.26	1.23	0.39	0
5/29/16 2:59	12.44	240.2	0.99	0.93
5/29/16 3:57	12.44	234.02	0.8	0.21
5/29/16 4:58	12.44	247.03	0.67	0.33
5/29/16 5:59	12.44	250.15	0.41	0.4
5/29/16 6:58	12.44	255.07	0.28	0.15
5/29/16 7:58	12.44	140.02	0.83	0.21
5/29/16 8:27	12.25	1.3	0.97	0
5/29/16 8:59	12.44	114.8	1.23	0.59
5/29/16 9:10	12.25	1.4	0.93	0
5/29/16 9:57	12.44	99.87	0.39	0.07
5/29/16 10:04	12.25	1.39	0.87	0
5/29/16 10:58	12.44	79.36	0.67	0.1
5/29/16 11:24	12.25	1.47	0.43	0
5/29/16 11:59	12.44	69.77	1.56	0.27
5/29/16 12:09	12.25	1.38	0.63	0.02
5/29/16 12:59	12.44	50.94	1.51	0.28
5/29/16 13:14	12.25	1.25	0.43	0
5/29/16 13:55	12.25	1.24	0.37	0
5/29/16 13:59	12.44	37.99	2	0.23
5/29/16 15:06	12.26	1.05	0	0
5/29/16 16:06	12.26	1.8	0.42	0
5/29/16 17:07	12.26	6.86	1.01	0.07
5/29/16 18:09	12.26	33.04	0.28	0.03
5/29/16 19:10	12.26	76	0.31	0
5/29/16 20:11	12.44	101.7	0.7	0.08
5/29/16 21:03	12.44	106.3	1.09	0.019
5/29/16 22:14	12.44	106.3	1.09	0.19
5/30/16 0:04	12.43	7.05	0.01	0
5/30/16 1:04	12.43	7.92	0.07	0
5/30/16 2:02	12.43	8.62	0.3	0
5/30/16 3:10	12.44	9.24	0.75	0
5/30/16 4:06	12.44	9.87	0.01	0
5/30/16 5:08	12.44	9.3	0	0
5/30/16 6:08	12.62	8.74	0.31	0
5/30/16 7:06	12.62	9.17	0.49	0
5/30/16 15:27	12.43	33.21	5.94	1.25
5/30/16 16:07	12.43	23.35	0.98	0
5/30/16 17:07	12.43	22.54	0.86	0
5/30/16 18:25	12.43	14.96	0.16	0
5/30/16 19:33	12.43	14.11	0.13	0
5/30/16 20:03	12.43	13.45	0	0
5/30/16 21:13	12.43	9.72	0.63	0
5/30/16 22:12	12.43	9.11	0.5	0
5/30/16 23:16	12.43	7.34	0.67	0.06
5/31/16 0:59	12.44	84.89	0.5	0
5/31/16 1:59	12.44	76.5	0.45	0
5/31/16 3:12	12.43	67.76	2.16	0.02
5/31/16 4:19	12.43	60.51	2.08	0.18
5/31/16 5:01	12.43	57.5	1.11	0.09
5/31/16 6:07	12.43	51.87	1.2	0.29
5/31/16 7:28	12.43	49.09	1.54	0
5/31/16 8:05	12.62	8.33	0.43	0
5/31/16 9:12	12.96	8.5	0.41	0
5/31/16 10:09	13.15	7.25	0.06	0
5/31/16 12:01	14.04	1029	0.74	0
5/31/16 20:57	12.44	128	1.08	0.27
5/31/16 21:59	12.44	130	1.5	0.33
5/31/16 22:58	12.44	120	1	0.21
5/31/16 23:59	12.44	89.17	1.15	0
6/1/16 0:00	13.32	21.94	0.60	0.00
6/1/16 0:00	13.32	15.68	0.71	0.00
6/2/16 0:00	13.68	12.52	0.00	0.00
6/2/16 0:00	13.68	34.89	0.15	0.00
6/2/16 0:00	12.43	84.31	0.22	0.00
6/2/16 0:00	12.43	57.15	2.85	0.00
6/3/16 0:00	12.43	37.07	0.27	0.00
6/3/16 0:00	12.24	26.28	0.00	0.00
6/3/16 0:00	13.15	19.18	0.13	0.00
6/3/16 0:00	13.15	14.88	0.21	0.00
6/4/16 0:00	14.03	10.14	0.41	0.00
6/4/16 0:00	14.03	9.41	0.14	0.00
6/4/16 0:00	14.22	78.63	0.58	0.00
6/4/16 0:00	13.15	11.30	0.66	0.03
6/5/16 0:00	13.50	60.29	1.43	0.01
6/5/16 0:00	13.50	46.07	2.36	0.00
6/5/16 0:00	12.43	82.50	0.82	0.00
6/5/16 0:00	13.50	271.4	5.22	0.00
6/5/16 0:00	12.43	184.4	7.86	0.36
6/6/16 0:00	13.32	57.00	0.25	0.00
6/6/16 0:00	13.32	44.20	0.75	0.00
6/6/16 0:00	13.32	36.32	0.52	0.00
6/7/16 0:00	13.32	23.40	0.04	0.00
6/7/16 0:00	13.32	17.54	0.00	0.00
6/7/16 0:00	13.32	25.34	0.37	0.08
6/7/16 0:00	13.32	30.02	1.04	0.14
6/8/16 0:00	13.32	17.07	0.36	0.00
6/8/16 0:00	13.32	16.68	0.83	0.01
6/8/16 0:00	12.98	18.36	1.77	0.00
6/8/16 0:00	13.32	16.61	0.71	0.00
6/9/16 0:00	13.32	44.24	1.78	0.00
6/9/16 0:00	13.32	33.22	0.54	0.00
6/9/16 0:00	13.32	35.13	1.50	0.06
6/9/16 0:00	13.32	78.42	6.81	0.92
6/10/16 0:00	13.32	26.42	0.00	0.00
6/10/16 0:00	13.32	24.34	0.71	0.00
6/10/16 0:00	12.08	19.83	0.47	0.00
6/10/16 0:00	12.08	147.8	0.58	0.00
6/11/16 0:00	12.43	27.61	1.47	0.01
6/11/16 0:00	12.08	37.61	1.92	0.22
6/11/16 0:00	12.08	79.82	6.91	0.23
6/11/16 0:00	12.43	67.93	6.84	2.18
6/12/16 0:00	13.32	20.60	1.75	0.00
6/12/16 0:00	12.43	18.50	0.85	0.00
6/12/16 0:00	12.43	23.35	1.18	0.21
6/12/16 0:00	12.43	17.15	0.45	0.35
6/13/16 0:00	12.43	14.62	0.00	0.00
6/13/16 0:00	13.32	14.52	0.00	0.00
6/13/16 0:00	13.50	14.91	0.53	0.00
6/13/16 0:00	13.32	13.18	0.82	0.31
6/14/16 0:00	13.50	11.15	0.00	0.00
6/14/16 0:00	13.32	14.34	0.66	0.13
6/14/16 0:00	13.32	13.37	0.95	0.15
6/14/16 0:00	13.32	13.11	0.67	0.20
6/15/16 0:00	13.50	11.00	0.00	0.00
6/15/16 0:00	13.50	9.75	1.19	0.13
6/15/16 0:00	13.87	10.54	1.46	0.30
6/16/16 0:00	13.85	9.97	0.00	0.00
6/16/16 0:00	13.85	9.53	0.00	0.00
6/16/16 0:00	13.50	9.27	0.03	0.00
6/16/16 0:00	13.50	9.41	0.26	0.00
6/18/16 0:00	12.97	36.55	0.54	0.00
6/18/16 0:00	13.32	37.84	0.56	0.00
6/18/16 0:00	13.32	32.15	0.89	0.00
6/18/16 0:00	13.50	24.72	0.85	0.27
6/19/16 0:00	13.50	27.19	0.37	0.00
6/19/16 0:00	13.50	24.53	1.19	0.00
6/19/16 0:00	13.32	24.92	0.66	0.30
6/20/16 0:00	13.50	19.78	0.00	0.00
6/20/16 0:00	13.50	18.62	1.3	0.00
6/20/16 0:00	13.50	12.51	0.44	0.00
6/20/16 0:00	13.50	19.51	0.87	0.37
6/22/16 0:00	13.50	16.79	0.6	0.00
6/22/16 0:00	13.50	16.30	0.41	0.00
6/22/16 0:00	13.50	15.55	0.48	0.00
6/22/16 0:00	13.50	13.94	0.00	0.00
6/23/16 0:00	13.50	11.96	0.07	0.00
6/23/16 0:00	13.50	11.60	1.02	0.00
6/23/16 0:00	13.50	12.25	0.92	0.27
6/24/16 0:00	13.50	12.23	0.11	0.00
6/24/16 0:00	13.50	12.19	0.01	0.00
6/24/16 0:00	13.50	12.35	0.22	0.00
6/25/16 0:00	13.50	7.66	0.00	0.00
6/25/16 0:00	13.50	11.51	0.72	0.00
6/25/16 0:00	13.50	9.04	0.00	0.00
6/25/16 0:00	13.50	13.23	0.52	0.10
6/26/16 0:00	13.50	8.78	0.19	0.00
6/26/16 0:00	13.50	8.56	0.00	0.00
6/26/16 0:00	13.50	9.54	0.01	0.00
6/26/16 0:00	13.50	8.42	0.00	0.00
6/27/16 0:00	13.50	9.04	0.00	0.00
6/27/16 0:00	13.50	12.88	0.27	0.00
6/27/16 0:00	13.50	14.36	0.15	0.00
6/28/16 0:00	13.50	28.95	0.43	0.00
6/28/16 0:00	13.50	23.08	0.32	0.00
6/28/16 0:00	13.50	20.58	0.21	0.00
6/28/16 0:00	13.50	18.65	6.60	0.02
6/28/16 0:00	13.50	20.58	0.30	0.00
6/28/16 0:00	13.50	18.65	0.22	0.00
6/29/16 0:00	13.50	15.15	0.00	0.00
6/29/16 0:00	13.50	14.08	0.33	0.00
6/29/16 0:00	13.50	12.30	0.00	0.00
6/29/16 0:00	13.50	12.15	0.84	0.00
7/1/16 0:00	13.50	11.27	0.31	0.00
7/1/16 0:00	13.50	10.13	0.27	0.00
7/1/16 0:00	13.50	22.86	0.93	0.00
7/1/16 0:00	13.50	11.21	0.91	0.07
7/1/16 0:00	13.50	11.58	0.52	0.33
7/2/16 0:00	13.50	18.17	0.38	0.00
7/2/16 0:00	13.50	14.63	0.56	0.00
7/2/16 0:00	13.50	23.15	0.91	0.21
7/3/16 0:00	13.50	11.98	1.00	0.00
7/3/16 0:00	13.50	9.83	0.00	0.00
7/3/16 0:00	13.50	9.32	0.63	0.00
7/3/16 0:00	13.50	11.45	1.11	0.26
7/3/16 0:00	13.50	14.19	1.50	0.40
7/6/16 0:00	13.50	8.14	0.01	0.00
7/6/16 0:00	13.50	61.03	0.67	0.00
7/6/16 0:00	13.50	13.97	0.33	0.21
7/7/16 0:00	13.50	28.14	0.90	0.00
7/7/16 0:00	13.50	16.67	0.46	0.00
7/7/16 0:00	13.50	34.32	0.02	0.00
7/7/16 0:00	13.50	7.85	0.95	0.00
7/8/16 0:00	13.50	34.69	0.19	0.00
7/8/16 0:00	15.10	26.55	0.00	0.00
7/8/16 0:00	15.10	24.47	0.00	0.00
7/8/16 0:00	13.50	26.97	0.08	0.00
7/9/16 0:00	13.32	24.13	0.34	0.00
7/9/16 0:00	12.62	22.09	0.41	0.00
7/9/16 0:00	12.62	19.48	0.28	0.00
7/9/16 0:00	12.62	17.24	0.14	0.00
7/10/16 0:00	12.62	17.99	0.96	0.00
7/10/16 0:00	12.62	17.32	0.50	0.15
7/11/16 0:00	12.62	17.50	0.63	0.00
7/11/16 0:00	12.62	15.14	0.23	0.00
7/11/16 0:00	12.62	12.48	0.00	0.00
7/11/16 0:00	12.62	12.00	0.30	0.00
7/11/16 0:00	12.62	14.06	0.46	0.04
7/12/16 0:00	12.62	12.11	0.04	0.00
7/12/16 0:00	12.62	27.62	1.04	0.00
7/12/16 0:00	12.62	20.75	0.62	0.00
7/12/16 0:00	12.62	47.52	0.71	0.22
7/12/16 0:00	12.62	26.31	0.85	0.22
7/13/16 0:00	12.62	18.32	0.35	0.00
7/13/16 0:00	12.62	18.71	0.93	0.00
7/13/16 0:00	12.62	17.46	0.71	0.11
7/14/16 0:00	12.62	12.72	0.08	0.00
7/14/16 0:00	12.62	14.35	0.69	0.26
7/14/16 0:00	12.62	15.09	1.11	0.31
7/14/16 0:00	12.62	14.59	1.37	0.39
7/15/16 0:00	12.62	11.69	0.02	0.00
7/15/16 0:00	12.62	11.99	0.16	0.00
7/15/16 0:00	12.62	11.76	0.44	0.00
7/15/16 0:00	12.62	13.45	0.68	0.06
7/16/16 0:00	12.43	11.83	0.02	0.00
7/16/16 0:00	12.62	12.71	0.56	0.00
7/16/16 0:00	12.43	11.34	0.43	0.00
7/17/16 0:00	12.43	11.93	0.16	0.00
7/17/16 0:00	12.43	11.28	0.23	0.00
7/17/16 0:00	12.43	9.93	0.01	0.00
7/17/16 0:00	12.43	12.37	0.63	0.00
7/18/16 0:00	12.43	29.88	0.81	0.00
7/18/16 0:00	12.43	28.80	0.21	0.00
7/18/16 0:00	12.43	35.03	0.10	0.00
7/19/16 0:00	12.43	10.04	0.03	0.00
7/19/16 0:00	12.62	65.17	0.77	0.01
7/19/16 0:00	12.62	52.03	0.19	0.00
7/19/16 0:00	12.43	29.60	2.03	0.52
7/20/16 0:00	12.62	38.06	0.19	0.00
7/20/16 0:00	12.62	33.40	0.84	0.00
7/20/16 0:00	12.62	25.10	0.35	0.00
7/20/16 0:00	12.62	28.62	0.83	0.34
7/21/16 0:00	12.62	22.44	0.68	0.00
7/21/16 0:00	12.43	20.29	0.61	0.00
7/21/16 0:00	12.43	17.34	0.01	0.00
7/21/16 0:00	12.43	20.15	1.03	0.11
7/22/16 0:00	12.43	15.44	0.09	0.00
7/22/16 0:00	12.43	16.61	0.57	0.00
7/22/16 0:00	12.43	15.42	0.19	0.00
7/22/16 0:00	12.43	13.56	0.41	0.00
7/23/16 0:00	12.43	15.89	0.23	0.00
7/23/16 0:00	12.43	15.97	1.15	0.00
7/23/16 0:00	12.43	16.92	0.55	0.09
7/24/16 0:00	12.43	16.31	0.43	0.00
7/24/16 0:00	12.43	17.03	0.54	0.00
7/24/16 0:00	12.62	14.38	0.48	0.00
7/25/16 0:00	12.08	13.70	0.52	0.00
7/25/16 0:00	12.08	14.05	0.93	0.00
7/25/16 0:00	12.08	13.44	0.59	0.00
7/25/16 0:00	12.08	15.81	0.85	0.15
7/26/16 0:00	12.08	13.01	0.24	0.00
7/26/16 0:00	12.08	12.39	0.61	0.29
7/26/16 0:00	12.08	13.13	0.95	0.36
7/27/16 0:00	11.37	10.65	0.22	0.00
7/27/16 0:00	11.37	11.14	0.27	0.00
7/27/16 0:00	8.88	11.33	0.80	0.20
7/28/16 0:00	11.72	12.14	0.26	0.00
7/28/16 0:00	11.72	11.44	0.12	0.03
7/28/16 0:00	11.72	10.31	0.59	0.22
7/29/16 0:00	12.25	18.85	0.06	0.00
7/29/16 0:00	12.25	10.55	0.33	0.07
7/29/16 0:00	12.25	22.44	1.04	0.31
7/30/16 0:00	12.25	10.53	0.14	0.00
7/30/16 0:00	12.25	10.91	0.17	0.00
7/30/16 0:00	12.25	9.45	0.72	0.10
7/30/16 0:00	12.25	13.70	0.85	0.25
7/31/16 0:00	12.25	9.72	0.67	0.00
7/31/16 0:00	12.25	10.92	0.88	0.20
7/31/16 0:00	12.25	10.81	0.62	0.38
8/1/16 0:00	12.25	9.60	0.51	0.00
8/1/16 0:00	12.43	8.32	0.07	0
8/1/16 0:00	12.43	8.27	0.38	0.01
8/1/16 0:00	12.43	10.19	0.70	0.47
8/2/16 0:00	12.43	9.95	0.10	0.00
8/2/16 0:00	12.43	9.48	0.28	0.00
8/2/16 0:00	12.43	9.07	0.15	0.00
8/2/16 0:00	12.80	931	0.42	0.37
8/3/16 0:00	12.80	8.87	0.21	0.00
8/3/16 0:00	12.43	9.98	0.99	0.00
8/3/16 0:00	12.62	9.07	0.60	0.00
8/4/16 0:00	12.62	9.40	0.03	0.00
8/4/16 0:00	12.62	11.23	0.00	0.00
8/4/16 0:00	12.62	8.38	0.75	0.57
8/4/16 0:00	12.62	17.02	2.85	0.91
8/5/16 0:00	12.62	9.75	0.35	0.00
8/5/16 0:00	12.62	9.33	0.28	0.00
8/5/16 0:00	12.62	8.62	0.19	0.09
8/6/16 0:00	12.80	8.34	0.01	0.00
8/6/16 0:00	12.80	9.01	0.53	0.00
8/6/16 0:00	12.80	9.92	0.30	0.00
8/6/16 0:00	12.97	8.75	0.00	0.00
8/6/16 0:00	13.15	13.15	0.01	0.13
8/7/16 0:00	12.97	8.42	0.22	0.00
8/7/16 0:00	12.97	8.65	0.94	0.05
8/7/16 0:00	12.97	8.77	1.20	0.22
8/10/16 0:00	12.97	8.51	0.00	0.00
8/10/16 0:00	11.55	8.72	0.67	0.21
8/10/16 0:00	12.27	8.68	0.66	0.43
8/12/16 0:00	12.25	7.62	0.00	0.00
8/26/16 0:00	12.25	19.1	0.20	0.00
8/26/16 0:00	12.25	8.99	0.89	0.56
8/26/16 0:00	12.25	10.19	1.17	0.56
8/27/16 0:00	12.25	9.10	0.76	0.08
8/27/16 0:00	12.25	9.53	0.32	0.16
8/27/16 0:00	12.25	9.22	0.78	0.37
8/27/16 0:00	12.25	9.56	1.04	0.60
8/28/16 0:00	12.25	8.33	0.29	0.00
8/28/16 0:00	12.25	11.02	0.41	0.00
8/29/16 0:00	12.25	54.97	0.00	0.00
8/29/16 0:00	12.25	11.65	1.01	0.27
8/29/16 0:00	12.25	136.2	2.99	0.59
8/29/16 0:00	12.25	76.03	2.36	0.74
8/29/16 0:00	10.65	"1,100"	2.27	0.99
8/30/16 0:00	12.43	470.9	0.83	0.00
8/30/16 0:00	12.25	162.4	1.75	0.07
8/30/16 0:00	10.65	325.2	1.90	0.83
9/1/16 0:00	11.37	81.20	0.61	0.00
9/1/16 0:00	12.25	49.64	0.38	0.00
9/1/16 0:00	12.25	57.94	1.72	0.97
9/1/16 0:00	11.55	63.11	2.70	1.23
9/2/16 0:00	12.43	50.34	0.96	1.02
9/2/16 0:00	12.43	41.47	2.50	2.10
9/3/16 0:00	12.43	36.83	2.17	1.12
9/3/16 0:00	12.43	37.89	1.84	1.49
9/4/16 0:00	12.62	31.30	1.90	1.10
9/4/16 0:00	12.62	34.02	1.50	1.17
9/4/16 0:00	12.62	28.60	2.67	1.27
9/4/16 0:00	12.80	30.10	1.80	1.78
9/5/16 0:00	12.62	73.12	1.64	0.87
9/5/16 0:00	12.62	43.43	2.40	0.87
9/5/16 0:00	12.62	34.18	1.57	0.93
9/5/16 0:00	12.62	149.0	1.84	1.02
9/6/16 0:00	12.78	65.85	2.06	1.03
9/6/16 0:00	11.55	88.27	2.99	1.69
9/6/16 0:00	12.62	74.06	2.84	1.86
9/7/16 0:00	12.97	47.65	0.00	0.00
9/7/16 0:00	12.62	44.52	0.00	0.00
9/7/16 0:00	12.78	59.75	2.00	1.03
9/8/16 0:00	12.62	69.85	0.00	0.00
9/8/16 0:00	12.78	47.07	0.00	0.00
9/8/16 0:00	12.97	36.43	0.00	0.00
9/8/16 0:00	12.78	39.96	1.00	0.19
9/9/16 0:00	12.78	31.01	0.00	0.00
9/9/16 0:00	13.32	153.3	0.37	0.00
9/9/16 0:00	13.32	30.58	0.00	0.00
9/9/16 0:00	12.80	30.52	0.00	0.00
9/10/16 0:00	13.15	29.22	0.00	0.00
9/10/16 0:00	13.32	27.64	0.31	0.00
9/10/16 0:00	12.97	25.97	0.00	0.00
9/12/16 0:00	13.15	23.33	0.00	0.00
9/12/16 0:00	13.15	24.68	0.00	0.00
9/12/16 0:00	13.15	22.90	0.00	0.00
9/13/16 0:00	13.15	24.83	0.00	0.00
9/13/16 0:00	13.15	21.58	0.00	0.00
9/13/16 0:00	13.15	21.93	0.00	0.00
9/13/16 0:00	13.15	28.92	0.20	0.00
9/14/16 0:00	13.15	24.46	0.00	0.00
9/14/16 0:00	13.15	23.86	0.00	0.00
9/14/16 0:00	13.15	23.14	0.00	0.00
9/15/16 0:00	13.15	20.98	0.00	0.00
9/15/16 0:00	13.15	21.95	0.00	0.00
9/15/16 0:00	13.15	21.89	0.00	0.00
9/16/16 0:00	13.15	21.86	0.00	0.00
9/16/16 0:00	13.15	22.81	0.00	0.00
9/16/16 0:00	13.15	22.04	0.00	0.00
9/17/16 0:00	13.15	21.40	0.63	0.00
9/17/16 0:00	13.15	22.36	0.12	0.00
9/17/16 0:00	13.15	19.53	0.00	0.00
9/18/16 0:00	13.15	24.55	0.96	0.00
9/18/16 0:00	13.15	55.95	0.00	0.00
9/18/16 0:00	13.15	34.62	0.00	0.00
9/19/16 0:00	13.15	24.33	0.00	0.00
9/19/16 0:00	12.97	23.08	0.00	0.00
9/19/16 0:00	12.97	22.10	0.09	0.00
9/19/16 0:00	12.97	22.86	0.00	0.00
9/20/16 0:00	12.43	20.94	0.00	0.00
9/20/16 0:00	12.43	22.88	0.03	0.00
9/20/16 0:00	12.43	21.40	0.00	0.00
9/20/16 0:00	12.43	21.12	0.00	0.00
9/21/16 0:00	12.43	22.18	0.00	0.00
9/21/16 0:00	12.43	22.50	0.00	0.00
9/21/16 0:00	12.43	21.61	0.00	0.00
9/22/16 0:00	12.43	21.33	0.01	0.00
9/22/16 0:00	12.62	22.35	0.00	0.00
9/22/16 0:00	12.62	19.21	0.00	0.00
9/22/16 0:00	12.43	21.68	0.00	0.00
9/23/16 0:00	12.43	22.07	0.00	0.00
9/23/16 0:00	12.43	22.10	0.00	0.00
9/23/16 0:00	12.97	301.4	0.00	0.00
9/24/16 0:00	12.97	120.1	2.44	0.00
9/24/16 0:00	12.97	93.00	2.13	0.00
9/24/16 0:00	12.43	168.8	2.20	1.00
9/25/16 0:00	12.97	45.24	0.00	0.00
9/25/16 0:00	12.97	45.27	0.00	0.00
9/25/16 0:00	12.97	41.59	0.09	0.00
9/26/16 0:00	12.97	37.82	0.00	0.00
9/26/16 0:00	12.97	38.01	0.00	0.00
9/26/16 0:00	12.97	34.78	0.17	0.00
9/26/16 0:00	12.97	34.68	0.00	0.00
9/27/16 0:00	12.78	32.85	0.00	0.00
9/27/16 0:00	12.78	31.12	0.00	0.00
9/28/16 0:00	12.78	29.40	0.00	0.00
9/28/16 0:00	12.78	30.47	0.21	0.00
9/28/16 0:00	12.78	34.19	0.00	0.00
9/28/16 0:00	12.78	29.23	0.00	0.00
9/29/16 0:00	12.78	28.34	0.07	0.00
9/29/16 0:00	12.78	25.73	0.00	0.00
9/29/16 0:00	12.78	26.02	0.00	0.00
9/30/16 0:00	12.93	25.77	0.00	0.00
9/30/16 0:00	12.78	24.38	0.00	0.00
9/30/16 0:00	12.78	25.42	0.00	0.00
10/1/16 0:00	12.78	30.17	0.00	0.00
10/1/16 0:00	12.78	26.74	0.10	0.00
10/1/16 0:00	12.78	27.58	0.00	0.00
10/1/16 0:00	12.78	25.56	0.00	0.00
10/2/16 0:00	12.62	25.12	0.00	0.00
10/2/16 0:00	12.62	25.91	0.03	0.00
10/2/16 0:00	12.62	22.05	0.00	0.00
10/3/16 0:00	12.62	23.52	0.00	0.00
10/3/16 0:00	12.62	25.29	0.00	0.00
10/3/16 0:00	12.62	25.38	0.00	0.00
10/3/16 0:00	12.62	23.95	0.00	0.00
10/4/16 0:00	12.62	22.88	0.00	0.00
10/4/16 0:00	12.62	24.66	0.00	0.00
10/4/16 0:00	12.62	23.48	0.00	0.00
10/4/16 0:00	12.62	24.43	0.00	0.00
10/5/16 0:00	12.62	43.35	0.00	0.00
10/5/16 0:00	12.62	300.8	0.00	0.00
10/5/16 0:00	12.62	160.3	0.00	0.00
10/5/16 0:00	12.62	76.10	0.00	0.00
10/6/16 0:00	8.00	564.60	0.00	0.00
10/6/16 0:00	11.72	116.0	2.80	0.24
10/6/16 0:00	10.65	297.1	9.60	0.80
10/8/16 0:00	10.65	175.2	0.00	0.00
10/8/16 0:00	11.55	244.7	0.00	0.00
10/8/16 0:00	11.55	111.3	0.00	0.00
10/9/16 0:00	11.90	113.2	2.21	0.00
10/9/16 0:00	11.90	110.1	0.23	0.00
10/9/16 0:00	12.25	100.3	0.00	0.00
10/10/16 0:00	12.25	85.11	0.75	0.00
10/10/16 0:00	12.25	55.31	0.00	0.00
10/10/16 0:00	12.25	52.41	0.71	0.00
10/11/16 0:00	12.25	61.03	3.66	0.00
10/11/16 0:00	12.25	46.21	0.00	0.00
10/11/16 0:00	12.62	863.2	0.00	0.00
10/12/16 0:00	11.02	79.89	3.37	0.00
10/12/16 0:00	12.25	71.79	3.78	0.01
10/12/16 0:00	12.25	64.91	0.36	0.00
10/13/16 0:00	12.25	57.64	0.00	0.00
10/13/16 0:00	12.25	49.75	0.00	0.00
10/13/16 0:00	10.65	45.73	0.00	0.00
10/14/16 0:00	12.25	43.54	0.00	0.00
10/14/16 0:00	12.25	40.98	0.00	0.00
10/14/16 0:00	12.25	38.09	0.00	0.00
10/14/16 0:00	10.65	297.9	0.70	0.00
10/15/16 0:00	12.25	47.49	0.00	0.00
10/15/16 0:00	12.25	38.36	0.00	0.00
10/15/16 0:00	12.08	37.09	0.00	0.00
10/16/16 0:00	9.77	33.44	0.00	0.00
10/16/16 0:00	10.65	29.41	0.00	0.00
10/16/16 0:00	11.02	28.25	0.00	0.00
10/17/16 0:00	12.08	72.01	0.03	0.00
10/17/16 0:00	12.08	53.28	0.23	0.00
10/17/16 0:00	12.08	173.5	1.93	0.05
10/17/16 0:00	12.08	95.11	0.99	0.20
10/18/16 0:00	12.08	46.87	0.00	0.00
10/18/16 0:00	12.25	103.0	0.62	0.00
10/18/16 0:00	12.25	65.29	1.02	0.00
10/18/16 0:00	12.25	50.85	0.00	0.00
10/19/16 0:00	12.25	49.25	0.00	0.00
10/19/16 0:00	8.88	237.1	0.00	0.00
10/19/16 0:00	11.02	162.2	0.00	0.00
10/20/16 0:00	12.25	246.8	0.00	0.00
10/20/16 0:00	12.25	121.2	0.13	0.00
10/20/16 0:00	12.62	92.12	0.00	0.00
10/20/16 0:00	12.78	74.03	0.00	0.00
10/21/16 0:00	12.78	106.3	0.96	0.00
10/21/16 0:00	12.78	143.4	0.00	0.00
10/21/16 0:00	12.78	103.3	0.00	0.00
10/21/16 0:00	12.97	75.20	0.00	0.00
10/22/16 0:00	12.78	58.10	0.00	0.00
10/22/16 0:00	12.78	52.22	0.00	0.00
10/22/16 0:00	12.78	44.77	0.00	0.00
10/23/16 0:00	12.78	43.18	0.00	0.00
10/23/16 0:00	12.78	41.77	0.00	0.00
10/23/16 0:00	12.78	37.33	1.78	0.01
10/23/16 0:00	12.78	39.91	1.20	0.30
10/24/16 0:00	12.78	36.85	0.00	0.00
10/24/16 0:00	12.78	36.5	0.00	0.00
10/24/16 0:00	12.78	35.45	0.00	0.00
10/24/16 0:00	12.78	34.32	0.00	0.00
10/25/16 0:00	12.78	35.61	0.00	0.00
10/25/16 0:00	12.78	32.09	0.00	0.00
10/25/16 0:00	12.78	31.40	0.00	0.00
10/25/16 0:00	12.78	144.9	0.00	0.00
10/26/16 0:00	12.78	42.01	0.00	0.00
10/26/16 0:00	12.78	37.33	0.00	0.00
10/26/16 0:00	12.78	34.16	0.00	0.00
10/26/16 0:00	12.78	56.21	0.6	0.03
10/27/16 0:00	12.78	32.86	0.00	0.00
10/27/16 0:00	12.78	32.21	0.00	0.00
10/27/16 0:00	12.78	33.20	0.01	0.00
10/27/16 0:00	12.78	32.00	0.00	0.00
10/28/16 0:00	12.78	28.73	0.00	0.00
10/28/16 0:00	12.78	27.79	0.00	0.00
10/28/16 0:00	12.78	30.57	0.00	0.00
10/29/16 0:00	12.78	28.53	0.00	0.00
10/29/16 0:00	12.78	28.68	0.00	0.00
10/29/16 0:00	12.78	28.11	0.00	0.00
10/29/16 0:00	12.78	27.44	0.00	0.00
10/30/16 0:00	12.78	28.86	0.00	0.00
10/30/16 0:00	12.78	28.74	0.00	0.00
10/30/16 0:00	12.78	28.10	0.00	0.00
10/30/16 0:00	12.78	28.45	0.00	0.00
10/31/16 0:00	12.78	28.00	0.00	0.00
10/31/16 0:00	12.78	28.11	0.00	0.00
10/31/16 0:00	12.78	25.74	0.00	0.00
10/31/16 0:00	12.78	27.17	0.00	0.00
11/1/16 0:00	12.78	28.11	0.00	0.00
11/1/16 0:00	12.78	26.08	0.00	0.00
11/1/16 0:00	12.78	26.38	0.00	0.00
11/1/16 0:00	12.78	25.02	0.00	0.00
11/2/16 0:00	12.78	26.38	0.00	0.00
11/2/16 0:00	12.78	25.02	0.00	0.00
11/2/16 0:00	12.78	27.60	0.00	0.00
11/2/16 0:00	12.78	27.52	0.00	0.00
11/3/16 0:00	12.78	26.30	0.00	0.00
11/3/16 0:00	12.78	26.34	0.00	0.00
11/3/16 0:00	12.78	25.27	0.00	0.00
11/4/16 0:00	12.78	25.76	0.00	0.00
11/4/16 0:00	12.78	25.80	0.00	0.00
11/4/16 0:00	12.78	24.17	0.00	0.00
11/4/16 0:00	12.78	25.51	0.00	0.00
11/5/16 0:00	12.78	23.97	0.74	0.00
11/5/16 0:00	12.78	23.41	0.00	0.00
11/5/16 0:00	12.78	23.61	0.03	0.00
11/5/16 0:00	12.78	24.48	0.00	0.00
11/6/16 0:00	12.78	24.54	0.00	0.00
11/6/16 0:00	12.78	23.40	0.00	0.00
11/6/16 0:00	12.78	24.75	0.00	0.00
11/6/16 0:00	12.78	23.35	0.00	0.00
11/7/16 0:00	12.78	23.12	0.00	0.00
11/7/16 0:00	12.78	22.54	0.00	0.00
11/7/16 0:00	12.78	21.77	0.00	0.00
11/7/16 0:00	12.78	22.23	0.00	0.00
11/8/16 0:00	12.78	24.30	0.00	0.00
11/8/16 0:00	11.72	23.63	0.14	0.00
11/8/16 0:00	1.72	23.10	0.00	0.00
11/9/16 0:00	11.72	22.61	0.00	0.00
11/9/16 0:00	11.72	18.46	0.00	0.00
11/9/16 0:00	11.72	21.42	0.00	0.00
11/10/16 0:00	11.72	21.85	0.00	0.00
11/10/16 0:00	11.72	26.20	0.00	0.00
11/10/16 0:00	11.72	54.02	0.00	0.00
11/10/16 0:00	11.72	35.62	0.00	0.00
11/11/16 0:00	11.72	23.51	0.00	0.00
11/11/16 0:00	11.72	21.62	0.00	0.00
11/11/16 0:00	11.72	20.28	0.00	0.00
11/11/16 0:00	11.72	18.52	0.00	0.00
11/12/16 0:00	11.72	20.41	0.00	0.00
11/12/16 0:00	11.72	18.05	0.00	0.00
11/12/16 0:00	11.72	16.70	0.00	0.00
11/13/16 0:00	11.72	20.13	0.00	0.00
11/13/16 0:00	11.72	19.30	0.00	0.00
11/13/16 0:00	11.72	19.03	0.00	0.00
11/13/16 0:00	11.72	18.15	0.00	0.00
11/14/16 0:00	11.72	18.21	0.00	0.00
11/14/16 0:00	11.72	19.09	0.00	0.00
11/14/16 0:00	11.72	19.32	0.00	0.00
11/14/16 0:00	11.72	18.50	0.00	0.00
11/15/16 0:00	11.72	18.17	0.00	0.00
11/15/16 0:00	11.72	19.90	0.00	0.00
11/15/16 0:00	11.72	19.34	0.00	0.00
11/15/16 0:00	11.72	18.34	0.00	0.00
11/16/16 0:00	11.72	17.94	0.00	0.00
11/16/16 0:00	11.72	18.17	0.00	0.00
11/16/16 0:00	11.72	16.22	0.00	0.00
11/17/16 0:00	11.72	17.40	0.00	0.00
11/17/16 0:00	11.72	18.49	0.00	0.00
11/17/16 0:00	11.72	18.15	0.00	0.00
11/18/16 0:00	11.72	16.70	0.00	0.00
11/18/16 0:00	11.72	15.84	0.00	0.00
11/18/16 0:00	12.62	16.08	0.00	0.00
11/18/16 0:00	12.62	17.14	0.00	0.00
11/19/16 0:00	12.62	17.49	0.00	0.00
11/19/16 0:00	12.62	17.12	0.00	0.00
11/19/16 0:00	12.62	17.07	0.00	0.00
11/19/16 0:00	12.62	15.20	0.00	0.00
11/20/16 0:00	12.62	16.72	0.00	0.00
11/20/16 0:00	12.62	17.92	0.00	0.00
11/20/16 0:00	12.62	17.83	0.00	0.00
11/21/16 0:00	12.62	17.00	0.00	0.00
11/21/16 0:00	12.62	16.60	0.00	0.00
11/21/16 0:00	12.62	16.22	0.00	0.00
11/21/16 0:00	12.62	16.76	0.00	0.00
11/22/16 0:00	12.62	17.32	0.00	0.00
11/22/16 0:00	12.62	17.57	0.00	0.00
11/22/16 0:00	12.62	16.21	0.00	0.00
11/22/16 0:00	12.62	14.13	0.00	0.00
11/23/16 0:00	12.62	16.15	0.00	0.00
11/23/16 0:00	12.43	17.65	0.00	0.00
11/23/16 0:00	11.90	17.03	0.00	0.00
11/23/16 0:00	11.90	16.06	0.00	0.00
11/24/16 0:00	11.90	17.14	0.00	0.00
11/24/16 0:00	11.90	15.59	0.00	0.00
11/24/16 0:00	11.90	14.78	0.00	0.00
11/24/16 0:00	11.90	16.63	0.00	0.00
11/25/16 0:00	11.90	16.36	0.00	0.00
11/25/16 0:00	11.90	17.04	0.00	0.00
11/25/16 0:00	11.90	16.46	0.00	0.00
11/25/16 0:00	11.90	14.60	0.00	0.00
11/26/16 0:00	11.90	13.23	0.00	0.00
11/26/16 0:00	12.08	13.77	0.00	0.00
11/26/16 0:00	12.08	29.26	0.00	0.00
11/26/16 0:00	12.08	20.19	0.00	0.00
11/27/16 0:00	12.08	17.61	0.33	0.00
11/27/16 0:00	12.08	13.04	0.00	0.00
11/27/16 0:00	12.45	12.33	0.00	0.00
11/27/16 0:00	12.08	13.78	0.00	0.00
11/28/16 0:00	12.08	14.19	0.00	0.00
11/28/16 0:00	12.08	13.00	0.00	0.00
11/28/16 0:00	12.08	14.83	0.00	0.00
11/28/16 0:00	12.08	12.43	0.00	0.00
11/29/16 0:00	12.08	11.62	0.00	0.00
11/29/16 0:00	12.08	13.45	0.00	0.00
11/29/16 0:00	12.08	13.81	0.00	0.00
11/29/16 0:00	12.08	14.52	0.00	0.00
11/30/16 0:00	12.08	13.14	0.00	0.00
11/30/16 0:00	12.08	13.93	0.00	0.00
11/30/16 0:00	12.08	13.98	0.00	0.00
